uid,year,abatement_tonnes,capex_usd,opex_usd_year,cum_capex_usd,cum_opex_usd
C001,2025,0.0,0.0,0.0,0.0,0.0
C001,2026,23412.0,631170000.0,785940.84,631170000.0,785940.84
C001,2027,23411.0,0.0,785907.27,631170000.0,1571848.1099999999
C001,2028,23412.0,0.0,785940.84,631170000.0,2357788.9499999997
C001,2029,23411.0,631170000.0,785907.27,1262340000.0,3143696.2199999997
C001,2030,23412.0,0.0,785940.84,1262340000.0,3929637.0599999996
C001,2031,23412.0,0.0,785940.84,1262340000.0,4715577.899999999
C001,2032,23411.0,0.0,785907.27,1262340000.0,5501485.17
C001,2033,23412.0,631170000.0,785940.8400000001,1893510000.0,6287426.01
C001,2034,23411.0,0.0,785907.27,1893510000.0,7073333.279999999
C001,2035,23412.0,0.0,785940.84,1893510000.0,7859274.119999999
C001,2036,23412.0,0.0,785940.84,1893510000.0,8645214.959999999
C001,2037,23411.0,631170000.0,785907.27,2524680000.0,9431122.229999999
C001,2038,23412.0,0.0,785940.84,2524680000.0,10217063.069999998
C001,2039,23411.0,0.0,785907.27,2524680000.0,11002970.339999998
C001,2040,23412.0,0.0,785940.84,2524680000.0,11788911.179999998
C001,2041,23412.0,631170000.0,785940.8400000001,3155850000.0,12574852.019999998
C001,2042,23411.0,0.0,785907.27,3155850000.0,13360759.289999997
C001,2043,23412.0,0.0,785940.84,3155850000.0,14146700.129999997
C001,2044,23411.0,0.0,785907.27,3155850000.0,14932607.399999997
C001,2045,23412.0,631170000.0,785940.8400000001,3787020000.0,15718548.239999996
C001,2046,23412.0,0.0,785940.84,3787020000.0,16504489.079999996
C001,2047,23411.0,0.0,785907.27,3787020000.0,17290396.349999998
C001,2048,23412.0,0.0,785940.84,3787020000.0,18076337.189999998
C001,2049,23411.0,631170000.0,785907.27,4418190000.0,18862244.459999997
C001,2050,23412.0,0.0,785940.84,4418190000.0,19648185.299999997
C002,2025,0.0,0.0,0.0,0.0,0.0
C002,2026,27200.0,631170000.0,913104.0,631170000.0,913104.0
C002,2027,28401.0,0.0,953421.5700000001,631170000.0,1866525.57
C002,2028,29623.0,0.0,994444.11,631170000.0,2860969.68
C002,2029,30867.0,631170000.0,1036205.1900000001,1262340000.0,3897174.87
C002,2030,32132.0,0.0,1078671.24,1262340000.0,4975846.11
C002,2031,33421.0,631170000.0,1121942.97,1893510000.0,6097789.08
C002,2032,34732.0,0.0,1165953.24,1893510000.0,7263742.32
C002,2033,36065.0,0.0,1210702.05,1893510000.0,8474444.370000001
C002,2034,37421.0,631170000.0,1256222.97,2524680000.0,9730667.340000002
C002,2035,38802.0,0.0,1302583.14,2524680000.0,11033250.480000002
C002,2036,40206.0,631170000.0,1349715.4200000002,3155850000.0,12382965.900000002
C002,2037,41634.0,0.0,1397653.3800000001,3155850000.0,13780619.280000003
C002,2038,43087.0,631170000.0,1446430.5899999999,3787020000.0,15227049.870000003
C002,2039,44564.0,0.0,1496013.48,3787020000.0,16723063.350000003
C002,2040,46068.0,631170000.0,1546502.76,4418190000.0,18269566.110000003
C002,2041,47596.0,0.0,1597797.72,4418190000.0,19867363.830000002
C002,2042,49150.0,631170000.0,1649965.5,5049360000.0,21517329.330000002
C002,2043,50732.0,0.0,1703073.24,5049360000.0,23220402.57
C002,2044,52339.0,631170000.0,1757020.23,5680530000.0,24977422.8
C002,2045,53973.0,0.0,1811873.61,5680530000.0,26789296.41
C002,2046,55636.0,631170000.0,1867700.52,6311700000.0,28656996.93
C002,2047,57325.0,631170000.0,1924400.25,6942870000.0,30581397.18
C002,2048,59044.0,0.0,1982107.08,6942870000.0,32563504.259999998
C002,2049,60790.0,631170000.0,2040720.3,7574040000.0,34604224.559999995
C002,2050,62566.0,631170000.0,2100340.62,8205210000.0,36704565.17999999
C003,2025,0.0,0.0,0.0,0.0,0.0
C003,2026,277565.0,899620000.0,7680194.72,899620000.0,7680194.72
C003,2027,277565.0,899620000.0,7680194.72,1799240000.0,15360389.44
C003,2028,277564.0,899620000.0,7680194.72,2698860000.0,23040584.16
C003,2029,277565.0,899620000.0,7680194.72,3598480000.0,30720778.88
C003,2030,277565.0,899620000.0,7680194.72,4498100000.0,38400973.6
C003,2031,277565.0,899620000.0,7680194.72,5397720000.0,46081168.32
C003,2032,277565.0,899620000.0,7680194.72,6297340000.0,53761363.04
C003,2033,277564.0,899620000.0,7680194.72,7196960000.0,61441557.76
C003,2034,277565.0,899620000.0,7680194.72,8096580000.0,69121752.48
C003,2035,277565.0,899620000.0,7680194.72,8996200000.0,76801947.2
C003,2036,277565.0,899620000.0,7680194.72,9895820000.0,84482141.92
C003,2037,277565.0,899620000.0,7680194.72,10795440000.0,92162336.64
C003,2038,277564.0,899620000.0,7680194.72,11695060000.0,99842531.36
C003,2039,277565.0,899620000.0,7680194.72,12594680000.0,107522726.08
C003,2040,277565.0,899620000.0,7680194.72,13494300000.0,115202920.8
C003,2041,277565.0,899620000.0,7680194.72,14393920000.0,122883115.52
C003,2042,277565.0,899620000.0,7680194.72,15293540000.0,130563310.24
C003,2043,277564.0,899620000.0,7680194.72,16193160000.0,138243504.96
C003,2044,277565.0,899620000.0,7680194.72,17092780000.0,145923699.68
C003,2045,277565.0,899620000.0,7680194.72,17992400000.0,153603894.4
C003,2046,277565.0,899620000.0,7680194.72,18892020000.0,161284089.12
C003,2047,277565.0,899620000.0,7680194.72,19791640000.0,168964283.84
C003,2048,277564.0,899620000.0,7680194.72,20691260000.0,176644478.56
C003,2049,277565.0,899620000.0,7680194.72,21590880000.0,184324673.28
C003,2050,277565.0,899620000.0,7680194.72,22490500000.0,192004868.0
C004,2025,0.0,0.0,0.0,0.0,0.0
C004,2026,128893.0,193100000.0,1687459.92,193100000.0,1687459.92
C004,2027,128893.0,193100000.0,1687459.92,386200000.0,3374919.84
C004,2028,128892.0,193100000.0,1687459.92,579300000.0,5062379.76
C004,2029,128893.0,193100000.0,1687459.92,772400000.0,6749839.68
C004,2030,128893.0,193100000.0,1687459.92,965500000.0,8437299.6
C004,2031,128893.0,193100000.0,1687459.92,1158600000.0,10124759.52
C004,2032,128893.0,193100000.0,1687459.92,1351700000.0,11812219.44
C004,2033,128892.0,193100000.0,1687459.92,1544800000.0,13499679.36
C004,2034,128893.0,193100000.0,1687459.92,1737900000.0,15187139.28
C004,2035,128893.0,193100000.0,1687459.92,1931000000.0,16874599.2
C004,2036,128893.0,193100000.0,1687459.92,2124100000.0,18562059.119999997
C004,2037,128893.0,193100000.0,1687459.92,2317200000.0,20249519.04
C004,2038,128892.0,193100000.0,1687459.92,2510300000.0,21936978.96
C004,2039,128893.0,193100000.0,1687459.92,2703400000.0,23624438.880000003
C004,2040,128893.0,193100000.0,1687459.92,2896500000.0,25311898.800000004
C004,2041,128893.0,193100000.0,1687459.92,3089600000.0,26999358.720000006
C004,2042,128893.0,193100000.0,1687459.92,3282700000.0,28686818.640000008
C004,2043,128892.0,193100000.0,1687459.92,3475800000.0,30374278.56000001
C004,2044,128893.0,193100000.0,1687459.92,3668900000.0,32061738.48000001
C004,2045,128893.0,193100000.0,1687459.92,3862000000.0,33749198.40000001
C004,2046,128893.0,193100000.0,1687459.92,4055100000.0,35436658.320000015
C004,2047,128893.0,193100000.0,1687459.92,4248200000.0,37124118.24000002
C004,2048,128892.0,193100000.0,1687459.92,4441300000.0,38811578.16000002
C004,2049,128893.0,193100000.0,1687459.92,4634400000.0,40499038.08000002
C004,2050,128893.0,193100000.0,1687459.92,4827500000.0,42186498.00000002
C005,2025,,2298130000.0,42711237.93,2298130000.0,42711237.93
C005,2026,,2298130000.0,42711237.93,4596260000.0,85422475.86
C005,2027,,2298130000.0,42711237.93,6894390000.0,128133713.78999999
C005,2028,,2298130000.0,42711237.93,9192520000.0,170844951.72
C005,2029,,2298130000.0,42711237.93,11490650000.0,213556189.65
C005,2030,,2298130000.0,42711237.93,13788780000.0,256267427.58
C005,2031,,2298130000.0,42711237.93,16086910000.0,298978665.51
C005,2032,,2298130000.0,42711237.93,18385040000.0,341689903.44
C005,2033,,2298130000.0,42711237.93,20683170000.0,384401141.37
C005,2034,,2298130000.0,42711237.93,22981300000.0,427112379.3
C005,2035,,2298130000.0,42711237.93,25279430000.0,469823617.23
C005,2036,,2298130000.0,42711237.93,27577560000.0,512534855.16
C005,2037,,2298130000.0,42711237.93,29875690000.0,555246093.09
C005,2038,,2298130000.0,42711237.93,32173820000.0,597957331.02
C005,2039,,2298130000.0,42711237.93,34471950000.0,640668568.9499999
C005,2040,,2298130000.0,42711237.93,36770080000.0,683379806.8799999
C005,2041,,2298130000.0,42711237.93,39068210000.0,726091044.8099998
C005,2042,,2298130000.0,42711237.93,41366340000.0,768802282.7399998
C005,2043,,2298130000.0,42711237.93,43664470000.0,811513520.6699997
C005,2044,,2298130000.0,42711237.93,45962600000.0,854224758.5999997
C005,2045,,2298130000.0,42711237.93,48260730000.0,896935996.5299996
C005,2046,,2298130000.0,42711237.93,50558860000.0,939647234.4599996
C005,2047,,2298130000.0,42711237.93,52856990000.0,982358472.3899995
C005,2048,,2298130000.0,42711237.93,55155120000.0,1025069710.3199995
C005,2049,,2298130000.0,42711237.93,57453250000.0,1067780948.2499994
C005,2050,,2298130000.0,42711237.93,59751380000.0,1110492186.1799994
C006,2025,0.0,0.0,0.0,0.0,0.0
C006,2026,170494.0,447590000.0,8925277.02,447590000.0,8925277.02
C006,2027,170495.0,447590000.0,8925277.02,895180000.0,17850554.04
C006,2028,170494.0,447590000.0,8925277.02,1342770000.0,26775831.06
C006,2029,170495.0,447590000.0,8925277.02,1790360000.0,35701108.08
C006,2030,170494.0,447590000.0,8925277.02,2237950000.0,44626385.099999994
C006,2031,170494.0,447590000.0,8925277.02,2685540000.0,53551662.11999999
C006,2032,170495.0,447590000.0,8925277.02,3133130000.0,62476939.139999986
C006,2033,170494.0,447590000.0,8925277.02,3580720000.0,71402216.15999998
C006,2034,170495.0,447590000.0,8925277.02,4028310000.0,80327493.17999998
C006,2035,170494.0,447590000.0,8925277.02,4475900000.0,89252770.19999997
C006,2036,170494.0,447590000.0,8925277.02,4923490000.0,98178047.21999997
C006,2037,170495.0,447590000.0,8925277.02,5371080000.0,107103324.23999996
C006,2038,170494.0,447590000.0,8925277.02,5818670000.0,116028601.25999996
C006,2039,170495.0,447590000.0,8925277.02,6266260000.0,124953878.27999996
C006,2040,170494.0,447590000.0,8925277.02,6713850000.0,133879155.29999995
C006,2041,170494.0,447590000.0,8925277.02,7161440000.0,142804432.31999996
C006,2042,170495.0,447590000.0,8925277.02,7609030000.0,151729709.33999997
C006,2043,170494.0,447590000.0,8925277.02,8056620000.0,160654986.35999998
C006,2044,170495.0,447590000.0,8925277.02,8504210000.0,169580263.38
C006,2045,170494.0,447590000.0,8925277.02,8951800000.0,178505540.4
C006,2046,170494.0,447590000.0,8925277.02,9399390000.0,187430817.42000002
C006,2047,170495.0,447590000.0,8925277.02,9846980000.0,196356094.44000003
C006,2048,170494.0,447590000.0,8925277.02,10294570000.0,205281371.46000004
C006,2049,170495.0,447590000.0,8925277.02,10742160000.0,214206648.48000005
C006,2050,170494.0,447590000.0,8925277.02,11189750000.0,223131925.50000006
C008,2025,0.0,0.0,0.0,0.0,0.0
C008,2026,61272.0,170920000.0,2745748.74,170920000.0,2745748.74
C008,2027,61272.0,170920000.0,2745748.74,341840000.0,5491497.48
C008,2028,61272.0,170920000.0,2745748.74,512760000.0,8237246.220000001
C008,2029,61272.0,170920000.0,2745748.74,683680000.0,10982994.96
C008,2030,61272.0,170920000.0,2745748.74,854600000.0,13728743.700000001
C008,2031,61272.0,170920000.0,2745748.74,1025520000.0,16474492.440000001
C008,2032,61272.0,170920000.0,2745748.74,1196440000.0,19220241.18
C008,2033,61272.0,170920000.0,2745748.74,1367360000.0,21965989.92
C008,2034,61272.0,170920000.0,2745748.74,1538280000.0,24711738.660000004
C008,2035,61272.0,170920000.0,2745748.74,1709200000.0,27457487.400000006
C008,2036,61272.0,170920000.0,2745748.74,1880120000.0,30203236.140000008
C008,2037,61272.0,170920000.0,2745748.74,2051040000.0,32948984.88000001
C008,2038,61272.0,170920000.0,2745748.74,2221960000.0,35694733.62000001
C008,2039,61272.0,170920000.0,2745748.74,2392880000.0,38440482.360000014
C008,2040,61272.0,170920000.0,2745748.74,2563800000.0,41186231.10000002
C008,2041,61272.0,170920000.0,2745748.74,2734720000.0,43931979.84000002
C008,2042,61272.0,170920000.0,2745748.74,2905640000.0,46677728.58000002
C008,2043,61272.0,170920000.0,2745748.74,3076560000.0,49423477.32000002
C008,2044,61272.0,170920000.0,2745748.74,3247480000.0,52169226.060000025
C008,2045,61272.0,170920000.0,2745748.74,3418400000.0,54914974.80000003
C008,2046,61272.0,170920000.0,2745748.74,3589320000.0,57660723.54000003
C008,2047,61272.0,170920000.0,2745748.74,3760240000.0,60406472.28000003
C008,2048,61272.0,170920000.0,2745748.74,3931160000.0,63152221.02000003
C008,2049,61272.0,170920000.0,2745748.74,4102080000.0,65897969.760000035
C008,2050,61272.0,170920000.0,2745748.74,4273000000.0,68643718.50000003
C009,2025,0.0,0.0,0.0,0.0,0.0
C009,2026,291275.0,569080000.0,18727634.689999998,569080000.0,18727634.689999998
C009,2027,291276.0,356210000.0,20441478.42,925290000.0,39169113.11
C009,2028,291276.0,569080000.0,17013941.18,1494370000.0,56183054.29
C009,2029,291276.0,0.0,21877740.36,1494370000.0,78060794.65
C009,2030,291275.0,569080000.0,18727634.689999998,2063450000.0,96788429.34
C009,2031,291275.0,356210000.0,20718909.99,2419660000.0,117507339.33
C009,2032,291276.0,569080000.0,16736434.5,2988740000.0,134243773.82999998
C009,2033,291276.0,0.0,21877740.36,2988740000.0,156121514.19
C009,2034,291276.0,569080000.0,18727709.799999997,3557820000.0,174849223.99
C009,2035,291275.0,356210000.0,20996390.5,3914030000.0,195845614.49
C009,2036,291275.0,569080000.0,16458878.879999999,4483110000.0,212304493.37
C009,2037,291276.0,0.0,21877740.36,4483110000.0,234182233.73000002
C009,2038,291276.0,569080000.0,18727709.8,5052190000.0,252909943.53000003
C009,2039,291276.0,356210000.0,21273946.12,5408400000.0,274183889.65000004
C009,2040,291275.0,569080000.0,16181398.370000001,5977480000.0,290365288.02000004
C009,2041,291275.0,0.0,21877665.25,5977480000.0,312242953.27000004
C009,2042,291276.0,569080000.0,18727709.8,6546560000.0,330970663.07000005
C009,2043,291276.0,356210000.0,21551452.799999997,6902770000.0,352522115.87000006
C009,2044,291276.0,569080000.0,15903966.8,7471850000.0,368426082.6700001
C009,2045,291275.0,0.0,21877665.25,7471850000.0,390303747.9200001
C009,2046,291275.0,569080000.0,18727634.689999998,8040930000.0,409031382.6100001
C009,2047,291276.0,356210000.0,21828959.48,8397140000.0,430860342.0900001
C009,2048,291276.0,569080000.0,15626460.12,8966220000.0,446486802.2100001
C009,2049,291276.0,0.0,21877740.36,8966220000.0,468364542.5700001
C009,2050,291275.0,569080000.0,18727634.69,9535300000.0,487092177.2600001
C010,2025,0.0,0.0,0.0,0.0,0.0
C010,2026,225671.0,1790570000.0,11747840.87,1790570000.0,11747840.87
C010,2027,225670.0,631170000.0,17833852.62,2421740000.0,29581693.490000002
C010,2028,225670.0,1337150000.0,8931408.24,3758890000.0,38513101.730000004
C010,2029,225670.0,1337150000.0,11580831.989999998,5096040000.0,50093933.72
C010,2030,225671.0,1790570000.0,11611598.410000002,6886610000.0,61705532.13
C010,2031,225671.0,631170000.0,18737993.900000002,7517780000.0,80443526.03
C010,2032,225670.0,917750000.0,8370635.0,8435530000.0,88814161.03
C010,2033,225670.0,1790570000.0,11697187.41,10226100000.0,100511348.44
C010,2034,225670.0,631170000.0,17941340.220000003,10857270000.0,118452688.66
C010,2035,225671.0,1011270000.0,8846357.88,11868540000.0,127299046.53999999
C010,2036,225671.0,1790570000.0,11737836.590000002,13659110000.0,139036883.13
C010,2037,225670.0,631170000.0,17859354.580000002,14290280000.0,156896237.71
C010,2038,225670.0,1337150000.0,8909749.240000002,15627430000.0,165805986.95000002
C010,2039,225670.0,1337150000.0,11580831.989999998,16964580000.0,177386818.94000003
C010,2040,225671.0,1790570000.0,11607755.450000001,18755150000.0,188994574.39000002
C010,2041,225671.0,631170000.0,18763495.860000003,19386320000.0,207758070.25000003
C010,2042,225670.0,917750000.0,8357136.240000001,20304070000.0,216115206.49000004
C010,2043,225670.0,1790570000.0,11685184.21,22094640000.0,227800390.70000005
C010,2044,225670.0,631170000.0,17966842.18,22725810000.0,245767232.88000005
C010,2045,225671.0,1011270000.0,8830860.200000001,23737080000.0,254598093.08000004
C010,2046,225671.0,1790570000.0,11727832.31,25527650000.0,266325925.39000005
C010,2047,225670.0,631170000.0,17884856.540000003,26158820000.0,284210781.93000007
C010,2048,225670.0,1337150000.0,8888090.240000002,27495970000.0,293098872.1700001
C010,2049,225670.0,1337150000.0,11580831.989999998,28833120000.0,304679704.1600001
C010,2050,225671.0,1790570000.0,11603912.49,30623690000.0,316283616.6500001
C011,2025,0.0,0.0,0.0,0.0,0.0
C011,2026,297000.0,447590000.0,8925277.02,447590000.0,8925277.02
C011,2027,297000.0,447590000.0,8925277.02,895180000.0,17850554.04
C011,2028,297000.0,447590000.0,8925277.02,1342770000.0,26775831.06
C011,2029,297000.0,447590000.0,8925277.02,1790360000.0,35701108.08
C011,2030,297000.0,447590000.0,8925277.02,2237950000.0,44626385.099999994
C011,2031,297000.0,447590000.0,8925277.02,2685540000.0,53551662.11999999
C011,2032,297000.0,447590000.0,8925277.02,3133130000.0,62476939.139999986
C011,2033,297000.0,447590000.0,8925277.02,3580720000.0,71402216.15999998
C011,2034,297000.0,447590000.0,8925277.02,4028310000.0,80327493.17999998
C011,2035,297000.0,447590000.0,8925277.02,4475900000.0,89252770.19999997
C011,2036,297000.0,447590000.0,8925277.02,4923490000.0,98178047.21999997
C011,2037,297000.0,447590000.0,8925277.02,5371080000.0,107103324.23999996
C011,2038,297000.0,447590000.0,8925277.02,5818670000.0,116028601.25999996
C011,2039,297000.0,447590000.0,8925277.02,6266260000.0,124953878.27999996
C011,2040,297000.0,447590000.0,8925277.02,6713850000.0,133879155.29999995
C011,2041,297000.0,447590000.0,8925277.02,7161440000.0,142804432.31999996
C011,2042,297000.0,447590000.0,8925277.02,7609030000.0,151729709.33999997
C011,2043,297000.0,447590000.0,8925277.02,8056620000.0,160654986.35999998
C011,2044,297000.0,447590000.0,8925277.02,8504210000.0,169580263.38
C011,2045,297000.0,447590000.0,8925277.02,8951800000.0,178505540.4
C011,2046,297000.0,447590000.0,8925277.02,9399390000.0,187430817.42000002
C011,2047,297000.0,447590000.0,8925277.02,9846980000.0,196356094.44000003
C011,2048,297000.0,447590000.0,8925277.02,10294570000.0,205281371.46000004
C011,2049,297000.0,447590000.0,8925277.02,10742160000.0,214206648.48000005
C011,2050,297000.0,447590000.0,8925277.02,11189750000.0,223131925.50000006
C012,2025,0.0,0.0,0.0,0.0,0.0
C012,2026,12244.0,631170000.0,411031.08,631170000.0,411031.08
C012,2027,12243.0,0.0,410997.51,631170000.0,822028.5900000001
C012,2028,12244.0,0.0,411031.08,631170000.0,1233059.6700000002
C012,2029,12243.0,0.0,410997.51,631170000.0,1644057.1800000002
C012,2030,12244.0,0.0,411031.08,631170000.0,2055088.2600000002
C012,2031,12244.0,0.0,411031.08,631170000.0,2466119.3400000003
C012,2032,12243.0,0.0,410997.51,631170000.0,2877116.8500000006
C012,2033,12244.0,631170000.0,411031.07999999996,1262340000.0,3288147.9300000006
C012,2034,12243.0,0.0,410997.51,1262340000.0,3699145.4400000004
C012,2035,12244.0,0.0,411031.08,1262340000.0,4110176.5200000005
C012,2036,12244.0,0.0,411031.08,1262340000.0,4521207.600000001
C012,2037,12243.0,0.0,410997.51,1262340000.0,4932205.11
C012,2038,12244.0,0.0,411031.08,1262340000.0,5343236.19
C012,2039,12243.0,0.0,410997.51,1262340000.0,5754233.7
C012,2040,12244.0,631170000.0,411031.07999999996,1893510000.0,6165264.78
C012,2041,12244.0,0.0,411031.08,1893510000.0,6576295.86
C012,2042,12243.0,0.0,410997.51,1893510000.0,6987293.37
C012,2043,12244.0,0.0,411031.08,1893510000.0,7398324.45
C012,2044,12243.0,0.0,410997.51,1893510000.0,7809321.96
C012,2045,12244.0,0.0,411031.08,1893510000.0,8220353.04
C012,2046,12244.0,0.0,411031.08,1893510000.0,8631384.12
C012,2047,12243.0,0.0,410997.51,1893510000.0,9042381.629999999
C012,2048,12244.0,631170000.0,411031.08,2524680000.0,9453412.709999999
C012,2049,12243.0,0.0,410997.51,2524680000.0,9864410.219999999
C012,2050,12244.0,0.0,411031.08,2524680000.0,10275441.299999999
C013,2025,0.0,0.0,0.0,0.0,0.0
C013,2026,198240.0,1337150000.0,9432514.39,1337150000.0,9432514.39
C013,2027,198240.0,1337150000.0,9432514.39,2674300000.0,18865028.78
C013,2028,198240.0,1337150000.0,9432514.39,4011450000.0,28297543.17
C013,2029,198240.0,1337150000.0,9432514.39,5348600000.0,37730057.56
C013,2030,198240.0,1337150000.0,9432514.390000002,6685750000.0,47162571.95
C013,2031,198240.0,1337150000.0,9432514.389999999,8022900000.0,56595086.34
C013,2032,198240.0,1011270000.0,9497590.149999999,9034170000.0,66092676.49
C013,2033,198240.0,1337150000.0,9367438.629999999,10371320000.0,75460115.12
C013,2034,198240.0,1337150000.0,9432514.39,11708470000.0,84892629.51
C013,2035,198240.0,1337150000.0,9432514.39,13045620000.0,94325143.9
C013,2036,198240.0,1337150000.0,9432514.39,14382770000.0,103757658.29
C013,2037,198240.0,1337150000.0,9432514.390000002,15719920000.0,113190172.68
C013,2038,198240.0,1011270000.0,9481104.799999999,16731190000.0,122671277.48
C013,2039,198240.0,1337150000.0,9383923.979999999,18068340000.0,132055201.46000001
C013,2040,198240.0,1337150000.0,9432514.39,19405490000.0,141487715.85000002
C013,2041,198240.0,1337150000.0,9432514.39,20742640000.0,150920230.24
C013,2042,198240.0,1337150000.0,9432514.39,22079790000.0,160352744.63
C013,2043,198240.0,1337150000.0,9432514.39,23416940000.0,169785259.01999998
C013,2044,198240.0,1011270000.0,9464619.45,24428210000.0,179249878.46999997
C013,2045,198240.0,1337150000.0,9400409.33,25765360000.0,188650287.79999998
C013,2046,198240.0,1337150000.0,9432514.389999999,27102510000.0,198082802.18999997
C013,2047,198240.0,1337150000.0,9432514.389999999,28439660000.0,207515316.57999995
C013,2048,198240.0,1337150000.0,9432514.39,29776810000.0,216947830.96999997
C013,2049,198240.0,1337150000.0,9432514.39,31113960000.0,226380345.35999995
C013,2050,198240.0,1011270000.0,9448134.1,32125230000.0,235828479.45999995
C014,2025,0.0,0.0,0.0,0.0,0.0
C014,2026,270326.0,1790570000.0,15599781.169999998,1790570000.0,15599781.169999998
C014,2027,270327.0,771630000.0,17256788.78,2562200000.0,32856569.95
C014,2028,270326.0,1790570000.0,14808786.68,4352770000.0,47665356.629999995
C014,2029,270327.0,694230000.0,18058017.27,5047000000.0,65723373.89999999
C014,2030,270326.0,1790570000.0,15555809.370000001,6837570000.0,81279183.27
C014,2031,270326.0,771630000.0,17290479.55,7609200000.0,98569662.82
C014,2032,270327.0,1790570000.0,14775095.910000002,9399770000.0,113344758.72999999
C014,2033,270326.0,694230000.0,18101953.939999998,10094000000.0,131446712.66999999
C014,2034,270327.0,1790570000.0,15511872.7,11884570000.0,146958585.36999997
C014,2035,270326.0,771630000.0,17324217.35,12656200000.0,164282802.71999997
C014,2036,270326.0,1790570000.0,14741271.849999998,14446770000.0,179024074.56999996
C014,2037,270327.0,694230000.0,18146012.0,15141000000.0,197170086.56999996
C014,2038,270326.0,1790570000.0,15467814.64,16931570000.0,212637901.20999998
C014,2039,270327.0,771630000.0,17358041.41,17703200000.0,229995942.61999997
C014,2040,270326.0,1790570000.0,14707534.049999999,19493770000.0,244703476.67
C014,2041,270326.0,694230000.0,18189948.669999998,20188000000.0,262893425.33999997
C014,2042,270327.0,1790570000.0,15423877.969999999,21978570000.0,278317303.30999994
C014,2043,270326.0,771630000.0,17391732.18,22750200000.0,295709035.48999995
C014,2044,270327.0,1790570000.0,14673843.280000001,24540770000.0,310382878.77
C014,2045,270326.0,694230000.0,18233920.470000003,25235000000.0,328616799.24
C014,2046,270326.0,1790570000.0,15379819.91,27025570000.0,343996619.15000004
C014,2047,270327.0,771630000.0,17425556.240000002,27797200000.0,361422175.39000005
C014,2048,270326.0,1790570000.0,14640019.220000003,29587770000.0,376062194.6100001
C014,2049,270327.0,694230000.0,18277978.53,30282000000.0,394340173.1400001
C014,2050,270326.0,1790570000.0,15335848.110000001,32072570000.0,409676021.2500001
C015,2025,0.0,0.0,0.0,0.0,0.0
C015,2026,126235.0,170920000.0,2745748.74,170920000.0,2745748.74
C015,2027,126235.0,170920000.0,2745748.74,341840000.0,5491497.48
C015,2028,126236.0,170920000.0,2745748.74,512760000.0,8237246.220000001
C015,2029,126235.0,170920000.0,2745748.74,683680000.0,10982994.96
C015,2030,126235.0,170920000.0,2745748.74,854600000.0,13728743.700000001
C015,2031,126235.0,170920000.0,2745748.74,1025520000.0,16474492.440000001
C015,2032,126235.0,170920000.0,2745748.74,1196440000.0,19220241.18
C015,2033,126236.0,170920000.0,2745748.74,1367360000.0,21965989.92
C015,2034,126235.0,170920000.0,2745748.74,1538280000.0,24711738.660000004
C015,2035,126235.0,170920000.0,2745748.74,1709200000.0,27457487.400000006
C015,2036,126235.0,170920000.0,2745748.74,1880120000.0,30203236.140000008
C015,2037,126235.0,170920000.0,2745748.74,2051040000.0,32948984.88000001
C015,2038,126236.0,170920000.0,2745748.74,2221960000.0,35694733.62000001
C015,2039,126235.0,170920000.0,2745748.74,2392880000.0,38440482.360000014
C015,2040,126235.0,170920000.0,2745748.74,2563800000.0,41186231.10000002
C015,2041,126235.0,170920000.0,2745748.74,2734720000.0,43931979.84000002
C015,2042,126235.0,170920000.0,2745748.74,2905640000.0,46677728.58000002
C015,2043,126236.0,170920000.0,2745748.74,3076560000.0,49423477.32000002
C015,2044,126235.0,170920000.0,2745748.74,3247480000.0,52169226.060000025
C015,2045,126235.0,170920000.0,2745748.74,3418400000.0,54914974.80000003
C015,2046,126235.0,170920000.0,2745748.74,3589320000.0,57660723.54000003
C015,2047,126235.0,170920000.0,2745748.74,3760240000.0,60406472.28000003
C015,2048,126236.0,170920000.0,2745748.74,3931160000.0,63152221.02000003
C015,2049,126235.0,170920000.0,2745748.74,4102080000.0,65897969.760000035
C015,2050,126235.0,170920000.0,2745748.74,4273000000.0,68643718.50000003
C016,2025,0.0,0.0,0.0,0.0,0.0
C016,2026,114130.0,771630000.0,4025049.28,771630000.0,4025049.28
C016,2027,114130.0,631170000.0,4185705.52,1402800000.0,8210754.8
C016,2028,114130.0,771630000.0,3992960.6399999997,2174430000.0,12203715.44
C016,2029,114130.0,631170000.0,4217794.16,2805600000.0,16421509.6
C016,2030,114130.0,771630000.0,3960871.9999999995,3577230000.0,20382381.599999998
C016,2031,114130.0,631170000.0,4249882.800000001,4208400000.0,24632264.4
C016,2032,114130.0,771630000.0,3928783.36,4980030000.0,28561047.759999998
C016,2033,114130.0,631170000.0,4281971.4399999995,5611200000.0,32843019.199999996
C016,2034,114130.0,771630000.0,3896694.7199999997,6382830000.0,36739713.919999994
C016,2035,114130.0,631170000.0,4314060.08,7014000000.0,41053773.99999999
C016,2036,114130.0,771630000.0,3864606.0799999996,7785630000.0,44918380.07999999
C016,2037,114130.0,631170000.0,4346148.720000001,8416800000.0,49264528.79999999
C016,2038,114130.0,694230000.0,3846380.94,9111030000.0,53110909.73999999
C016,2039,114130.0,771630000.0,4011185.7800000003,9882660000.0,57122095.51999999
C016,2040,114130.0,631170000.0,4201386.42,10513830000.0,61323481.93999999
C016,2041,114130.0,771630000.0,3977279.74,11285460000.0,65300761.67999999
C016,2042,114130.0,631170000.0,4233475.06,11916630000.0,69534236.74
C016,2043,114130.0,771630000.0,3945191.1,12688260000.0,73479427.83999999
C016,2044,114130.0,631170000.0,4265563.7,13319430000.0,77744991.53999999
C016,2045,114130.0,771630000.0,3913102.46,14091060000.0,81658093.99999999
C016,2046,114130.0,631170000.0,4297652.34,14722230000.0,85955746.33999999
C016,2047,114130.0,771630000.0,3881013.82,15493860000.0,89836760.15999998
C016,2048,114130.0,631170000.0,4329740.98,16125030000.0,94166501.13999999
C016,2049,114130.0,771630000.0,3848925.18,16896660000.0,98015426.32
C016,2050,114130.0,631170000.0,4361829.62,17527830000.0,102377255.94
C017,2025,0.0,0.0,0.0,0.0,0.0
C017,2026,367744.0,1790570000.0,24003057.85,1790570000.0,24003057.85
C017,2027,367744.0,1790570000.0,24003057.85,3581140000.0,48006115.7
C017,2028,367744.0,1790570000.0,24003057.85,5371710000.0,72009173.55000001
C017,2029,367744.0,1790570000.0,24003057.850000005,7162280000.0,96012231.40000002
C017,2030,367744.0,1011270000.0,24476199.050000004,8173550000.0,120488430.45000002
C017,2031,367744.0,1790570000.0,23845428.43,9964120000.0,144333858.88000003
C017,2032,367744.0,1790570000.0,24003057.85,11754690000.0,168336916.73000002
C017,2033,367744.0,1790570000.0,24003057.849999998,13545260000.0,192339974.58
C017,2034,367744.0,1337150000.0,24021907.410000004,14882410000.0,216361881.99
C017,2035,367744.0,1790570000.0,23984208.29,16672980000.0,240346090.28
C017,2036,367744.0,1790570000.0,24003057.85,18463550000.0,264349148.13
C017,2037,367744.0,1790570000.0,24003057.85,20254120000.0,288352205.98
C017,2038,367744.0,1790570000.0,24003057.850000005,22044690000.0,312355263.83000004
C017,2039,367744.0,1011270000.0,24525269.630000003,23055960000.0,336880533.46000004
C017,2040,367744.0,1790570000.0,23796357.85,24846530000.0,360676891.31000006
C017,2041,367744.0,1790570000.0,24003057.85,26637100000.0,384679949.1600001
C017,2042,367744.0,1790570000.0,24003057.85,28427670000.0,408683007.0100001
C017,2043,367744.0,1337150000.0,24040756.970000003,29764820000.0,432723763.98000014
C017,2044,367744.0,1790570000.0,23965358.729999997,31555390000.0,456689122.71000016
C017,2045,367744.0,1790570000.0,24003057.85,33345960000.0,480692180.5600002
C017,2046,367744.0,1790570000.0,24003057.85,35136530000.0,504695238.4100002
C017,2047,367744.0,1790570000.0,24003057.850000005,36927100000.0,528698296.2600002
C017,2048,367744.0,1011270000.0,24574340.210000005,37938370000.0,553272636.4700003
C017,2049,367744.0,1790570000.0,23747287.27,39728940000.0,577019923.7400002
C017,2050,367744.0,1790570000.0,24003057.85,41519510000.0,601022981.5900003
C018,2025,0.0,0.0,0.0,0.0,0.0
C018,2026,0.0,0.0,0.0,0.0,0.0
C018,2027,0.0,0.0,0.0,0.0,0.0
C018,2028,0.0,0.0,0.0,0.0,0.0
C018,2029,0.0,0.0,0.0,0.0,0.0
C018,2030,0.0,0.0,0.0,0.0,0.0
C018,2031,0.0,0.0,0.0,0.0,0.0
C018,2032,0.0,0.0,0.0,0.0,0.0
C018,2033,0.0,0.0,0.0,0.0,0.0
C018,2034,0.0,0.0,0.0,0.0,0.0
C018,2035,0.0,0.0,0.0,0.0,0.0
C018,2036,0.0,0.0,0.0,0.0,0.0
C018,2037,0.0,0.0,0.0,0.0,0.0
C018,2038,0.0,0.0,0.0,0.0,0.0
C018,2039,0.0,0.0,0.0,0.0,0.0
C018,2040,0.0,0.0,0.0,0.0,0.0
C018,2041,0.0,0.0,0.0,0.0,0.0
C018,2042,0.0,0.0,0.0,0.0,0.0
C018,2043,0.0,0.0,0.0,0.0,0.0
C018,2044,0.0,0.0,0.0,0.0,0.0
C018,2045,0.0,0.0,0.0,0.0,0.0
C018,2046,0.0,0.0,0.0,0.0,0.0
C018,2047,0.0,0.0,0.0,0.0,0.0
C018,2048,0.0,0.0,0.0,0.0,0.0
C018,2049,0.0,0.0,0.0,0.0,0.0
C018,2050,0.0,0.0,0.0,0.0,0.0
C019,2025,0.0,0.0,0.0,0.0,0.0
C019,2026,218606.0,580120000.0,7692526.08,580120000.0,7692526.08
C019,2027,218605.0,580120000.0,7692526.08,1160240000.0,15385052.16
C019,2028,218606.0,580120000.0,7692526.08,1740360000.0,23077578.240000002
C019,2029,218605.0,580120000.0,7692526.08,2320480000.0,30770104.32
C019,2030,218606.0,580120000.0,7692526.08,2900600000.0,38462630.4
C019,2031,218606.0,580120000.0,7692526.08,3480720000.0,46155156.48
C019,2032,218605.0,580120000.0,7692526.08,4060840000.0,53847682.559999995
C019,2033,218606.0,580120000.0,7692526.08,4640960000.0,61540208.63999999
C019,2034,218605.0,580120000.0,7692526.08,5221080000.0,69232734.72
C019,2035,218606.0,580120000.0,7692526.08,5801200000.0,76925260.8
C019,2036,218606.0,580120000.0,7692526.08,6381320000.0,84617786.88
C019,2037,218605.0,580120000.0,7692526.08,6961440000.0,92310312.96
C019,2038,218606.0,580120000.0,7692526.08,7541560000.0,100002839.03999999
C019,2039,218605.0,580120000.0,7692526.08,8121680000.0,107695365.11999999
C019,2040,218606.0,580120000.0,7692526.08,8701800000.0,115387891.19999999
C019,2041,218606.0,580120000.0,7692526.08,9281920000.0,123080417.27999999
C019,2042,218605.0,580120000.0,7692526.08,9862040000.0,130772943.35999998
C019,2043,218606.0,580120000.0,7692526.08,10442160000.0,138465469.44
C019,2044,218605.0,580120000.0,7692526.08,11022280000.0,146157995.52
C019,2045,218606.0,580120000.0,7692526.08,11602400000.0,153850521.60000002
C019,2046,218606.0,580120000.0,7692526.08,12182520000.0,161543047.68000004
C019,2047,218605.0,580120000.0,7692526.08,12762640000.0,169235573.76000005
C019,2048,218606.0,580120000.0,7692526.08,13342760000.0,176928099.84000006
C019,2049,218605.0,580120000.0,7692526.08,13922880000.0,184620625.92000008
C019,2050,218606.0,580120000.0,7692526.08,14503000000.0,192313152.0000001
C020,2025,0.0,0.0,0.0,0.0,0.0
C020,2026,121221.0,771630000.0,4358539.01,771630000.0,4358539.01
C020,2027,121221.0,771630000.0,4358539.01,1543260000.0,8717078.02
C020,2028,121220.0,631170000.0,4587188.52,2174430000.0,13304266.54
C020,2029,121221.0,771630000.0,4258410.07,2946060000.0,17562676.61
C020,2030,121221.0,694230000.0,4435234.51,3640290000.0,21997911.119999997
C020,2031,121221.0,771630000.0,4281843.51,4411920000.0,26279754.629999995
C020,2032,121221.0,694230000.0,4423405.909999999,5106150000.0,30703160.539999995
C020,2033,121220.0,771630000.0,4293625.08,5877780000.0,34996785.62
C020,2034,121221.0,694230000.0,4411589.21,6572010000.0,39408374.83
C020,2035,121221.0,771630000.0,4305488.81,7343640000.0,43713863.64
C020,2036,121221.0,694230000.0,4399760.61,8037870000.0,48113624.25
C020,2037,121221.0,771630000.0,4317317.41,8809500000.0,52430941.66
C020,2038,121220.0,694230000.0,4387896.88,9503730000.0,56818838.54
C020,2039,121221.0,771630000.0,4329134.109999999,10275360000.0,61147972.65
C020,2040,121221.0,694230000.0,4376115.31,10969590000.0,65524087.96
C020,2041,121221.0,771630000.0,4340962.71,11741220000.0,69865050.67
C020,2042,121221.0,694230000.0,4364286.71,12435450000.0,74229337.38
C020,2043,121220.0,771630000.0,4352744.28,13207080000.0,78582081.66
C020,2044,121221.0,771630000.0,4358539.01,13978710000.0,82940620.67
C020,2045,121221.0,631170000.0,4593736.7299999995,14609880000.0,87534357.4
C020,2046,121221.0,771630000.0,4251908.89,15381510000.0,91786266.29
C020,2047,121221.0,694230000.0,4440982.21,16075740000.0,96227248.5
C020,2048,121220.0,771630000.0,4276048.78,16847370000.0,100503297.28
C020,2049,121221.0,694230000.0,4429165.51,17541600000.0,104932462.79
C020,2050,121221.0,771630000.0,4287912.51,18313230000.0,109220375.30000001
C021,2025,0.0,0.0,0.0,0.0,0.0
C021,2026,37451.0,631170000.0,1257230.07,631170000.0,1257230.07
C021,2027,37451.0,0.0,1257230.07,631170000.0,2514460.14
C021,2028,37452.0,631170000.0,1257263.6400000001,1262340000.0,3771723.7800000003
C021,2029,37451.0,0.0,1257230.07,1262340000.0,5028953.850000001
C021,2030,37451.0,631170000.0,1257230.0699999998,1893510000.0,6286183.92
C021,2031,37451.0,0.0,1257230.07,1893510000.0,7543413.99
C021,2032,37451.0,0.0,1257230.07,1893510000.0,8800644.06
C021,2033,37452.0,631170000.0,1257263.6400000001,2524680000.0,10057907.700000001
C021,2034,37451.0,0.0,1257230.07,2524680000.0,11315137.770000001
C021,2035,37451.0,631170000.0,1257230.0699999998,3155850000.0,12572367.840000002
C021,2036,37451.0,0.0,1257230.07,3155850000.0,13829597.910000002
C021,2037,37451.0,0.0,1257230.07,3155850000.0,15086827.980000002
C021,2038,37452.0,631170000.0,1257263.64,3787020000.0,16344091.620000003
C021,2039,37451.0,0.0,1257230.07,3787020000.0,17601321.69
C021,2040,37451.0,631170000.0,1257230.0699999998,4418190000.0,18858551.76
C021,2041,37451.0,0.0,1257230.07,4418190000.0,20115781.830000002
C021,2042,37451.0,631170000.0,1257230.07,5049360000.0,21373011.900000002
C021,2043,37452.0,0.0,1257263.64,5049360000.0,22630275.540000003
C021,2044,37451.0,0.0,1257230.07,5049360000.0,23887505.610000003
C021,2045,37451.0,631170000.0,1257230.0699999998,5680530000.0,25144735.680000003
C021,2046,37451.0,0.0,1257230.07,5680530000.0,26401965.750000004
C021,2047,37451.0,631170000.0,1257230.07,6311700000.0,27659195.820000004
C021,2048,37452.0,0.0,1257263.64,6311700000.0,28916459.460000005
C021,2049,37451.0,0.0,1257230.07,6311700000.0,30173689.530000005
C021,2050,37451.0,631170000.0,1257230.0699999998,6942870000.0,31430919.600000005
C022,2025,0.0,0.0,0.0,0.0,0.0
C022,2026,90860.0,694230000.0,3051220.08,694230000.0,3051220.08
C022,2027,90860.0,631170000.0,3065974.5599999996,1325400000.0,6117194.64
C022,2028,90860.0,631170000.0,3050170.2,1956570000.0,9167364.84
C022,2029,90860.0,631170000.0,3050170.2,2587740000.0,12217535.04
C022,2030,90860.0,631170000.0,3050170.1999999997,3218910000.0,15267705.239999998
C022,2031,90860.0,631170000.0,3050170.2,3850080000.0,18317875.439999998
C022,2032,90860.0,631170000.0,3050170.2,4481250000.0,21368045.639999997
C022,2033,90860.0,631170000.0,3050170.2,5112420000.0,24418215.839999996
C022,2034,90860.0,631170000.0,3050170.1999999997,5743590000.0,27468386.039999995
C022,2035,90860.0,631170000.0,3050170.2,6374760000.0,30518556.239999995
C022,2036,90860.0,631170000.0,3050170.2,7005930000.0,33568726.44
C022,2037,90860.0,631170000.0,3050170.1999999997,7637100000.0,36618896.64
C022,2038,90860.0,631170000.0,3050170.2,8268270000.0,39669066.84
C022,2039,90860.0,631170000.0,3050170.2,8899440000.0,42719237.04000001
C022,2040,90860.0,631170000.0,3050170.2,9530610000.0,45769407.24000001
C022,2041,90860.0,631170000.0,3050170.1999999997,10161780000.0,48819577.44000001
C022,2042,90860.0,694230000.0,3051163.92,10856010000.0,51870741.360000014
C022,2043,90860.0,631170000.0,3066030.72,11487180000.0,54936772.08000001
C022,2044,90860.0,631170000.0,3050170.2,12118350000.0,57986942.280000016
C022,2045,90860.0,631170000.0,3050170.2,12749520000.0,61037112.48000002
C022,2046,90860.0,631170000.0,3050170.1999999997,13380690000.0,64087282.68000002
C022,2047,90860.0,631170000.0,3050170.2,14011860000.0,67137452.88000003
C022,2048,90860.0,631170000.0,3050170.2,14643030000.0,70187623.08000003
C022,2049,90860.0,631170000.0,3050170.1999999997,15274200000.0,73237793.28000003
C022,2050,90860.0,631170000.0,3050170.1999999997,15905370000.0,76287963.48000003
C023,2025,0.0,0.0,0.0,0.0,0.0
C023,2026,165144.0,1337150000.0,6840435.67,1337150000.0,6840435.67
C023,2027,165144.0,771630000.0,7660286.57,2108780000.0,14500722.24
C023,2028,165144.0,917750000.0,6566676.23,3026530000.0,21067398.47
C023,2029,165144.0,1011270000.0,6833252.51,4037800000.0,27900650.979999997
C023,2030,165144.0,1011270000.0,6837456.850000001,5049070000.0,34738107.83
C023,2031,165144.0,1011270000.0,6837456.850000001,6060340000.0,41575564.68
C023,2032,165144.0,1011270000.0,6837456.85,7071610000.0,48413021.53
C023,2033,165144.0,1337150000.0,6839391.81,8408760000.0,55252413.34
C023,2034,165144.0,771630000.0,7662852.349999999,9180390000.0,62915265.690000005
C023,2035,165144.0,917750000.0,6565492.97,10098140000.0,69480758.66000001
C023,2036,165144.0,1011270000.0,6832913.850000001,11109410000.0,76313672.51
C023,2037,165144.0,1011270000.0,6837456.85,12120680000.0,83151129.36
C023,2038,165144.0,1011270000.0,6837456.850000001,13131950000.0,89988586.21
C023,2039,165144.0,1011270000.0,6837456.850000001,14143220000.0,96826043.05999999
C023,2040,165144.0,1337150000.0,6838347.95,15480370000.0,103664391.00999999
C023,2041,165144.0,771630000.0,7665418.129999999,16252000000.0,111329809.13999999
C023,2042,165144.0,917750000.0,6564309.71,17169750000.0,117894118.84999998
C023,2043,165144.0,1011270000.0,6832575.190000001,18181020000.0,124726694.03999998
C023,2044,165144.0,1011270000.0,6837456.850000001,19192290000.0,131564150.88999997
C023,2045,165144.0,1011270000.0,6837456.85,20203560000.0,138401607.73999998
C023,2046,165144.0,1011270000.0,6837456.850000001,21214830000.0,145239064.58999997
C023,2047,165144.0,1011270000.0,6837456.850000001,22226100000.0,152076521.43999997
C023,2048,165144.0,1337150000.0,6840282.91,23563250000.0,158916804.34999996
C023,2049,165144.0,771630000.0,7660662.050000001,24334880000.0,166577466.39999998
C023,2050,165144.0,917750000.0,6566503.069999999,25252630000.0,173143969.46999997
C024,2025,0.0,0.0,0.0,0.0,0.0
C024,2026,40030.0,401930000.0,3310578.18,401930000.0,3310578.18
C024,2027,40031.0,0.0,3628409.84,401930000.0,6938988.02
C024,2028,40030.0,401930000.0,3310578.1799999997,803860000.0,10249566.2
C024,2029,40031.0,0.0,3628409.84,803860000.0,13877976.04
C024,2030,40030.0,401930000.0,3310578.1799999997,1205790000.0,17188554.22
C024,2031,40030.0,0.0,3628319.2,1205790000.0,20816873.419999998
C024,2032,40031.0,401930000.0,3310668.8200000003,1607720000.0,24127542.24
C024,2033,40030.0,0.0,3628319.2,1607720000.0,27755861.439999998
C024,2034,40031.0,146120000.0,3463309.4000000004,1753840000.0,31219170.839999996
C024,2035,40030.0,401930000.0,3157937.6,2155770000.0,34377108.44
C024,2036,40030.0,0.0,3628319.2,2155770000.0,38005427.64
C024,2037,40031.0,401930000.0,3310668.8200000003,2557700000.0,41316096.46
C024,2038,40030.0,0.0,3628319.2,2557700000.0,44944415.660000004
C024,2039,40031.0,401930000.0,3310668.82,2959630000.0,48255084.480000004
C024,2040,40030.0,0.0,3628319.2,2959630000.0,51883403.68000001
C024,2041,40030.0,146120000.0,3365144.7800000003,3105750000.0,55248548.46000001
C024,2042,40031.0,401930000.0,3256102.22,3507680000.0,58504650.68000001
C024,2043,40030.0,0.0,3628319.2,3507680000.0,62132969.88000001
C024,2044,40031.0,401930000.0,3310668.8200000003,3909610000.0,65443638.70000001
C024,2045,40030.0,0.0,3628319.2,3909610000.0,69071957.9
C024,2046,40030.0,401930000.0,3310578.18,4311540000.0,72382536.08000001
C024,2047,40031.0,0.0,3628409.84,4311540000.0,76010945.92000002
C024,2048,40030.0,401930000.0,3310578.1799999997,4713470000.0,79321524.10000002
C024,2049,40031.0,0.0,3628409.84,4713470000.0,82949933.94000003
C024,2050,40030.0,146120000.0,3517785.36,4859590000.0,86467719.30000003
C025,2025,0.0,0.0,0.0,0.0,0.0
C025,2026,303397.0,1790570000.0,18452485.63,1790570000.0,18452485.63
C025,2027,303396.0,1337150000.0,18597010.59,3127720000.0,37049496.22
C025,2028,303398.0,1790570000.0,18307960.67,4918290000.0,55357456.89
C025,2029,303396.0,1337150000.0,18741613.87,6255440000.0,74099070.76
C025,2030,303397.0,1790570000.0,18163271.13,8046010000.0,92262341.89
C025,2031,303397.0,917750000.0,19081498.09,8963760000.0,111343839.98
C025,2032,303396.0,1790570000.0,18419266.57,10754330000.0,129763106.55000001
C025,2033,303398.0,1337150000.0,18607783.01,12091480000.0,148370889.56
C025,2034,303396.0,1790570000.0,18297188.25,13882050000.0,166668077.81
C025,2035,303397.0,1337150000.0,18752307.970000003,15219200000.0,185420385.78
C025,2036,303397.0,1790570000.0,18152663.29,17009770000.0,203573049.07
C025,2037,303396.0,917750000.0,19114569.43,17927520000.0,222687618.5
C025,2038,303398.0,1790570000.0,18386281.490000002,19718090000.0,241073899.99
C025,2039,303396.0,1337150000.0,18618226.27,21055240000.0,259692126.26000002
C025,2040,303397.0,1790570000.0,18286658.730000004,22845810000.0,277978784.99
C025,2041,303397.0,1337150000.0,18762915.810000002,24182960000.0,296741700.8
C025,2042,303396.0,1790570000.0,18141969.189999998,25973530000.0,314883669.99
C025,2043,303398.0,917750000.0,19147849.950000003,26891280000.0,334031519.94
C025,2044,303396.0,1790570000.0,18353000.97,28681850000.0,352384520.90999997
C025,2045,303397.0,1337150000.0,18628920.37,30019000000.0,371013441.28
C025,2046,303397.0,1790570000.0,18276050.89,31809570000.0,389289492.16999996
C025,2047,303396.0,1011270000.0,18782318.14,32820840000.0,408071810.30999994
C025,2048,303398.0,1790570000.0,18438164.9,34611410000.0,426509975.2099999
C025,2049,303396.0,1337150000.0,18602536.830000002,35948560000.0,445112512.0399999
C025,2050,303397.0,1790570000.0,18302348.17,37739130000.0,463414860.2099999
C027,2025,0.0,0.0,0.0,0.0,0.0
C027,2026,0.0,0.0,0.0,0.0,0.0
C027,2027,0.0,0.0,0.0,0.0,0.0
C027,2028,0.0,0.0,0.0,0.0,0.0
C027,2029,0.0,0.0,0.0,0.0,0.0
C027,2030,0.0,0.0,0.0,0.0,0.0
C027,2031,0.0,0.0,0.0,0.0,0.0
C027,2032,0.0,0.0,0.0,0.0,0.0
C027,2033,0.0,0.0,0.0,0.0,0.0
C027,2034,0.0,0.0,0.0,0.0,0.0
C027,2035,0.0,0.0,0.0,0.0,0.0
C027,2036,0.0,0.0,0.0,0.0,0.0
C027,2037,0.0,0.0,0.0,0.0,0.0
C027,2038,0.0,0.0,0.0,0.0,0.0
C027,2039,0.0,0.0,0.0,0.0,0.0
C027,2040,0.0,0.0,0.0,0.0,0.0
C027,2041,0.0,0.0,0.0,0.0,0.0
C027,2042,0.0,0.0,0.0,0.0,0.0
C027,2043,0.0,0.0,0.0,0.0,0.0
C027,2044,0.0,0.0,0.0,0.0,0.0
C027,2045,0.0,0.0,0.0,0.0,0.0
C027,2046,0.0,0.0,0.0,0.0,0.0
C027,2047,0.0,0.0,0.0,0.0,0.0
C027,2048,0.0,0.0,0.0,0.0,0.0
C027,2049,0.0,0.0,0.0,0.0,0.0
C027,2050,0.0,0.0,0.0,0.0,0.0
C028,2025,0.0,0.0,0.0,0.0,0.0
C028,2026,140218.0,771630000.0,5251967.92,771630000.0,5251967.92
C028,2027,140217.0,771630000.0,5251920.89,1543260000.0,10503888.809999999
C028,2028,140218.0,771630000.0,5251967.92,2314890000.0,15755856.729999999
C028,2029,140217.0,771630000.0,5251920.89,3086520000.0,21007777.619999997
C028,2030,140218.0,771630000.0,5251967.92,3858150000.0,26259745.54
C028,2031,140218.0,771630000.0,5251967.92,4629780000.0,31511713.46
C028,2032,140217.0,771630000.0,5251920.89,5401410000.0,36763634.35
C028,2033,140218.0,771630000.0,5251967.92,6173040000.0,42015602.27
C028,2034,140217.0,771630000.0,5251920.890000001,6944670000.0,47267523.160000004
C028,2035,140218.0,771630000.0,5251967.92,7716300000.0,52519491.080000006
C028,2036,140218.0,771630000.0,5251967.92,8487930000.0,57771459.00000001
C028,2037,140217.0,771630000.0,5251920.890000001,9259560000.0,63023379.89000001
C028,2038,140218.0,771630000.0,5251967.92,10031190000.0,68275347.81
C028,2039,140217.0,771630000.0,5251920.89,10802820000.0,73527268.7
C028,2040,140218.0,771630000.0,5251967.92,11574450000.0,78779236.62
C028,2041,140218.0,771630000.0,5251967.92,12346080000.0,84031204.54
C028,2042,140217.0,771630000.0,5251920.89,13117710000.0,89283125.43
C028,2043,140218.0,771630000.0,5251967.92,13889340000.0,94535093.35000001
C028,2044,140217.0,771630000.0,5251920.89,14660970000.0,99787014.24000001
C028,2045,140218.0,771630000.0,5251967.92,15432600000.0,105038982.16000001
C028,2046,140218.0,771630000.0,5251967.92,16204230000.0,110290950.08000001
C028,2047,140217.0,771630000.0,5251920.89,16975860000.0,115542870.97000001
C028,2048,140218.0,771630000.0,5251967.92,17747490000.0,120794838.89000002
C028,2049,140217.0,771630000.0,5251920.890000001,18519120000.0,126046759.78000002
C028,2050,140218.0,771630000.0,5251967.92,19290750000.0,131298727.70000002
C029,2025,0.0,0.0,0.0,0.0,0.0
C029,2026,600979.0,193100000.0,1687459.92,193100000.0,1687459.92
C029,2027,600979.0,193100000.0,1687459.92,386200000.0,3374919.84
C029,2028,600980.0,193100000.0,1687459.92,579300000.0,5062379.76
C029,2029,600979.0,193100000.0,1687459.92,772400000.0,6749839.68
C029,2030,600979.0,193100000.0,1687459.92,965500000.0,8437299.6
C029,2031,600979.0,193100000.0,1687459.92,1158600000.0,10124759.52
C029,2032,600979.0,193100000.0,1687459.92,1351700000.0,11812219.44
C029,2033,600980.0,193100000.0,1687459.92,1544800000.0,13499679.36
C029,2034,600979.0,193100000.0,1687459.92,1737900000.0,15187139.28
C029,2035,600979.0,193100000.0,1687459.92,1931000000.0,16874599.2
C029,2036,600979.0,193100000.0,1687459.92,2124100000.0,18562059.119999997
C029,2037,600979.0,193100000.0,1687459.92,2317200000.0,20249519.04
C029,2038,600980.0,193100000.0,1687459.92,2510300000.0,21936978.96
C029,2039,600979.0,193100000.0,1687459.92,2703400000.0,23624438.880000003
C029,2040,600979.0,193100000.0,1687459.92,2896500000.0,25311898.800000004
C029,2041,600979.0,193100000.0,1687459.92,3089600000.0,26999358.720000006
C029,2042,600979.0,193100000.0,1687459.92,3282700000.0,28686818.640000008
C029,2043,600980.0,193100000.0,1687459.92,3475800000.0,30374278.56000001
C029,2044,600979.0,193100000.0,1687459.92,3668900000.0,32061738.48000001
C029,2045,600979.0,193100000.0,1687459.92,3862000000.0,33749198.40000001
C029,2046,600979.0,193100000.0,1687459.92,4055100000.0,35436658.320000015
C029,2047,600979.0,193100000.0,1687459.92,4248200000.0,37124118.24000002
C029,2048,600980.0,193100000.0,1687459.92,4441300000.0,38811578.16000002
C029,2049,600979.0,193100000.0,1687459.92,4634400000.0,40499038.08000002
C029,2050,600979.0,193100000.0,1687459.92,4827500000.0,42186498.00000002
C030,2025,0.0,0.0,0.0,0.0,0.0
C030,2026,53155.0,631170000.0,1784413.35,631170000.0,1784413.35
C030,2027,53155.0,631170000.0,1784413.35,1262340000.0,3568826.7
C030,2028,53156.0,0.0,1784446.92,1262340000.0,5353273.62
C030,2029,53155.0,631170000.0,1784413.35,1893510000.0,7137686.970000001
C030,2030,53155.0,0.0,1784413.35,1893510000.0,8922100.32
C030,2031,53155.0,631170000.0,1784413.3499999999,2524680000.0,10706513.67
C030,2032,53155.0,631170000.0,1784413.3499999999,3155850000.0,12490927.02
C030,2033,53156.0,0.0,1784446.92,3155850000.0,14275373.94
C030,2034,53155.0,631170000.0,1784413.35,3787020000.0,16059787.29
C030,2035,53155.0,0.0,1784413.35,3787020000.0,17844200.64
C030,2036,53155.0,631170000.0,1784413.35,4418190000.0,19628613.990000002
C030,2037,53155.0,631170000.0,1784413.3499999999,5049360000.0,21413027.340000004
C030,2038,53156.0,0.0,1784446.92,5049360000.0,23197474.260000005
C030,2039,53155.0,631170000.0,1784413.35,5680530000.0,24981887.610000007
C030,2040,53155.0,0.0,1784413.35,5680530000.0,26766300.96000001
C030,2041,53155.0,631170000.0,1784413.35,6311700000.0,28550714.31000001
C030,2042,53155.0,631170000.0,1784413.35,6942870000.0,30335127.66000001
C030,2043,53156.0,0.0,1784446.92,6942870000.0,32119574.580000013
C030,2044,53155.0,631170000.0,1784413.35,7574040000.0,33903987.930000015
C030,2045,53155.0,0.0,1784413.35,7574040000.0,35688401.280000016
C030,2046,53155.0,631170000.0,1784413.35,8205210000.0,37472814.63000002
C030,2047,53155.0,0.0,1784413.35,8205210000.0,39257227.98000002
C030,2048,53156.0,631170000.0,1784446.92,8836380000.0,41041674.90000002
C030,2049,53155.0,631170000.0,1784413.35,9467550000.0,42826088.25000002
C030,2050,53155.0,0.0,1784413.35,9467550000.0,44610501.600000024
C031,2025,0.0,0.0,0.0,0.0,0.0
C031,2026,220149.0,170920000.0,2745748.74,170920000.0,2745748.74
C031,2027,220148.0,170920000.0,2745748.74,341840000.0,5491497.48
C031,2028,220148.0,170920000.0,2745748.74,512760000.0,8237246.220000001
C031,2029,220148.0,170920000.0,2745748.74,683680000.0,10982994.96
C031,2030,220149.0,170920000.0,2745748.74,854600000.0,13728743.700000001
C031,2031,220149.0,170920000.0,2745748.74,1025520000.0,16474492.440000001
C031,2032,220148.0,170920000.0,2745748.74,1196440000.0,19220241.18
C031,2033,220148.0,170920000.0,2745748.74,1367360000.0,21965989.92
C031,2034,220148.0,170920000.0,2745748.74,1538280000.0,24711738.660000004
C031,2035,220149.0,170920000.0,2745748.74,1709200000.0,27457487.400000006
C031,2036,220149.0,170920000.0,2745748.74,1880120000.0,30203236.140000008
C031,2037,220148.0,170920000.0,2745748.74,2051040000.0,32948984.88000001
C031,2038,220148.0,170920000.0,2745748.74,2221960000.0,35694733.62000001
C031,2039,220148.0,170920000.0,2745748.74,2392880000.0,38440482.360000014
C031,2040,220149.0,170920000.0,2745748.74,2563800000.0,41186231.10000002
C031,2041,220149.0,170920000.0,2745748.74,2734720000.0,43931979.84000002
C031,2042,220148.0,170920000.0,2745748.74,2905640000.0,46677728.58000002
C031,2043,220148.0,170920000.0,2745748.74,3076560000.0,49423477.32000002
C031,2044,220148.0,170920000.0,2745748.74,3247480000.0,52169226.060000025
C031,2045,220149.0,170920000.0,2745748.74,3418400000.0,54914974.80000003
C031,2046,220149.0,170920000.0,2745748.74,3589320000.0,57660723.54000003
C031,2047,220148.0,170920000.0,2745748.74,3760240000.0,60406472.28000003
C031,2048,220148.0,170920000.0,2745748.74,3931160000.0,63152221.02000003
C031,2049,220148.0,170920000.0,2745748.74,4102080000.0,65897969.760000035
C031,2050,220149.0,170920000.0,2745748.74,4273000000.0,68643718.50000003
C032,2025,0.0,0.0,0.0,0.0,0.0
C032,2026,16307.0,325880000.0,1277164.24,325880000.0,1277164.24
C032,2027,16307.0,0.0,1277164.24,325880000.0,2554328.48
C032,2028,16308.0,325880000.0,1277242.56,651760000.0,3831571.04
C032,2029,16307.0,0.0,1277164.24,651760000.0,5108735.28
C032,2030,16307.0,325880000.0,1277164.24,977640000.0,6385899.5200000005
C032,2031,16307.0,0.0,1277164.24,977640000.0,7663063.760000001
C032,2032,16307.0,0.0,1277164.24,977640000.0,8940228.0
C032,2033,16308.0,325880000.0,1277242.5599999998,1303520000.0,10217470.56
C032,2034,16307.0,0.0,1277164.24,1303520000.0,11494634.8
C032,2035,16307.0,325880000.0,1277164.24,1629400000.0,12771799.040000001
C032,2036,16307.0,0.0,1277164.24,1629400000.0,14048963.280000001
C032,2037,16307.0,0.0,1277164.24,1629400000.0,15326127.520000001
C032,2038,16308.0,325880000.0,1277242.5599999998,1955280000.0,16603370.080000002
C032,2039,16307.0,0.0,1277164.24,1955280000.0,17880534.32
C032,2040,16307.0,325880000.0,1277164.24,2281160000.0,19157698.56
C032,2041,16307.0,0.0,1277164.24,2281160000.0,20434862.799999997
C032,2042,16307.0,0.0,1277164.24,2281160000.0,21712027.039999995
C032,2043,16308.0,325880000.0,1277242.56,2607040000.0,22989269.599999994
C032,2044,16307.0,0.0,1277164.24,2607040000.0,24266433.839999992
C032,2045,16307.0,325880000.0,1277164.2399999998,2932920000.0,25543598.07999999
C032,2046,16307.0,0.0,1277164.24,2932920000.0,26820762.31999999
C032,2047,16307.0,325880000.0,1277164.24,3258800000.0,28097926.559999987
C032,2048,16308.0,0.0,1277242.5599999998,3258800000.0,29375169.119999986
C032,2049,16307.0,0.0,1277164.24,3258800000.0,30652333.359999985
C032,2050,16307.0,325880000.0,1277164.24,3584680000.0,31929497.599999983
C033,2025,0.0,0.0,0.0,0.0,0.0
C033,2026,449856.0,2046380000.0,31215235.83,2046380000.0,31215235.83
C033,2027,449856.0,1790570000.0,31297452.810000002,3836950000.0,62512688.64
C033,2028,449856.0,2046380000.0,31133018.85,5883330000.0,93645707.49000001
C033,2029,449856.0,1790570000.0,31379669.79,7673900000.0,125025377.28
C033,2030,449856.0,1790570000.0,31086038.97,9464470000.0,156111416.25
C033,2031,449856.0,2046380000.0,31179998.730000004,11510850000.0,187291414.98000002
C033,2032,449856.0,1790570000.0,31332689.91,13301420000.0,218624104.89000002
C033,2033,449856.0,2046380000.0,31097781.750000004,15347800000.0,249721886.64000002
C033,2034,449856.0,1790570000.0,31414906.89,17138370000.0,281136793.53000003
C033,2035,449856.0,1790570000.0,31086038.970000003,18928940000.0,312222832.50000006
C033,2036,449856.0,2046380000.0,31144761.630000003,20975320000.0,343367594.13000005
C033,2037,449856.0,1790570000.0,31367927.01,22765890000.0,374735521.14000005
C033,2038,449856.0,1790570000.0,31086038.97,24556460000.0,405821560.11
C033,2039,449856.0,2046380000.0,31191741.51,26602840000.0,437013301.62
C033,2040,449856.0,1790570000.0,31320947.130000003,28393410000.0,468334248.75
C033,2041,449856.0,2046380000.0,31109524.53,30439790000.0,499443773.28
C033,2042,449856.0,1790570000.0,31403164.11,32230360000.0,530846937.39
C033,2043,449856.0,1790570000.0,31086038.97,34020930000.0,561932976.36
C033,2044,449856.0,2046380000.0,31156504.41,36067310000.0,593089480.77
C033,2045,449856.0,1790570000.0,31356184.23,37857880000.0,624445665.0
C033,2046,449856.0,1790570000.0,31086038.970000003,39648450000.0,655531703.97
C033,2047,449856.0,2046380000.0,31203484.290000003,41694830000.0,686735188.26
C033,2048,449856.0,1790570000.0,31309204.35,43485400000.0,718044392.61
C033,2049,449856.0,2046380000.0,31121267.310000002,45531780000.0,749165659.9200001
C033,2050,449856.0,1790570000.0,31391421.33,47322350000.0,780557081.2500001
C034,2025,0.0,0.0,0.0,0.0,0.0
C034,2026,0.0,0.0,0.0,0.0,0.0
C034,2027,0.0,0.0,0.0,0.0,0.0
C034,2028,0.0,0.0,0.0,0.0,0.0
C034,2029,0.0,0.0,0.0,0.0,0.0
C034,2030,0.0,0.0,0.0,0.0,0.0
C034,2031,0.0,0.0,0.0,0.0,0.0
C034,2032,0.0,0.0,0.0,0.0,0.0
C034,2033,0.0,0.0,0.0,0.0,0.0
C034,2034,0.0,0.0,0.0,0.0,0.0
C034,2035,0.0,0.0,0.0,0.0,0.0
C034,2036,0.0,0.0,0.0,0.0,0.0
C034,2037,0.0,0.0,0.0,0.0,0.0
C034,2038,0.0,0.0,0.0,0.0,0.0
C034,2039,0.0,0.0,0.0,0.0,0.0
C034,2040,0.0,0.0,0.0,0.0,0.0
C034,2041,0.0,0.0,0.0,0.0,0.0
C034,2042,0.0,0.0,0.0,0.0,0.0
C034,2043,0.0,0.0,0.0,0.0,0.0
C034,2044,0.0,0.0,0.0,0.0,0.0
C034,2045,783.0,558640000.0,34624.26,558640000.0,34624.26
C034,2046,1621.0,0.0,71680.62,558640000.0,106304.88
C034,2047,2476.0,0.0,109488.72,558640000.0,215793.6
C034,2048,3347.0,0.0,148004.34,558640000.0,363797.94
C034,2049,4236.0,0.0,187315.91999999998,558640000.0,551113.86
C034,2050,5143.0,0.0,227423.46,558640000.0,778537.32
C035,2025,,2298130000.0,42711237.93,2298130000.0,42711237.93
C035,2026,,2298130000.0,42711237.93,4596260000.0,85422475.86
C035,2027,,2298130000.0,42711237.93,6894390000.0,128133713.78999999
C035,2028,,2298130000.0,42711237.93,9192520000.0,170844951.72
C035,2029,,2298130000.0,42711237.93,11490650000.0,213556189.65
C035,2030,,2298130000.0,42711237.93,13788780000.0,256267427.58
C035,2031,,2298130000.0,42711237.93,16086910000.0,298978665.51
C035,2032,,2298130000.0,42711237.93,18385040000.0,341689903.44
C035,2033,,2298130000.0,42711237.93,20683170000.0,384401141.37
C035,2034,,2298130000.0,42711237.93,22981300000.0,427112379.3
C035,2035,,2298130000.0,42711237.93,25279430000.0,469823617.23
C035,2036,,2298130000.0,42711237.93,27577560000.0,512534855.16
C035,2037,,2298130000.0,42711237.93,29875690000.0,555246093.09
C035,2038,,2298130000.0,42711237.93,32173820000.0,597957331.02
C035,2039,,2298130000.0,42711237.93,34471950000.0,640668568.9499999
C035,2040,,2298130000.0,42711237.93,36770080000.0,683379806.8799999
C035,2041,,2298130000.0,42711237.93,39068210000.0,726091044.8099998
C035,2042,,2298130000.0,42711237.93,41366340000.0,768802282.7399998
C035,2043,,2298130000.0,42711237.93,43664470000.0,811513520.6699997
C035,2044,,2298130000.0,42711237.93,45962600000.0,854224758.5999997
C035,2045,,2298130000.0,42711237.93,48260730000.0,896935996.5299996
C035,2046,,2298130000.0,42711237.93,50558860000.0,939647234.4599996
C035,2047,,2298130000.0,42711237.93,52856990000.0,982358472.3899995
C035,2048,,2298130000.0,42711237.93,55155120000.0,1025069710.3199995
C035,2049,,2298130000.0,42711237.93,57453250000.0,1067780948.2499994
C035,2050,,2298130000.0,42711237.93,59751380000.0,1110492186.1799994
C036,2025,0.0,0.0,0.0,0.0,0.0
C036,2026,0.0,0.0,0.0,0.0,0.0
C036,2027,0.0,0.0,0.0,0.0,0.0
C036,2028,0.0,0.0,0.0,0.0,0.0
C036,2029,0.0,0.0,0.0,0.0,0.0
C036,2030,0.0,0.0,0.0,0.0,0.0
C036,2031,0.0,0.0,0.0,0.0,0.0
C036,2032,0.0,0.0,0.0,0.0,0.0
C036,2033,0.0,0.0,0.0,0.0,0.0
C036,2034,0.0,0.0,0.0,0.0,0.0
C036,2035,0.0,0.0,0.0,0.0,0.0
C036,2036,0.0,0.0,0.0,0.0,0.0
C036,2037,0.0,0.0,0.0,0.0,0.0
C036,2038,0.0,0.0,0.0,0.0,0.0
C036,2039,1178.0,631170000.0,39545.46,631170000.0,39545.46
C036,2040,4458.0,0.0,149655.06,631170000.0,189200.52
C036,2041,7804.0,0.0,261980.28,631170000.0,451180.8
C036,2042,11218.0,0.0,376588.26,631170000.0,827769.06
C036,2043,14699.0,0.0,493445.43,631170000.0,1321214.49
C036,2044,18247.0,0.0,612551.79,631170000.0,1933766.28
C036,2045,21866.0,0.0,734041.62,631170000.0,2667807.9
C036,2046,25554.0,631170000.0,857847.78,1262340000.0,3525655.6799999997
C036,2047,29316.0,0.0,984138.12,1262340000.0,4509793.8
C036,2048,33149.0,0.0,1112811.93,1262340000.0,5622605.7299999995
C036,2049,37055.0,631170000.0,1243936.35,1893510000.0,6866542.08
C036,2050,41038.0,0.0,1377645.66,1893510000.0,8244187.74
C037,2025,0.0,0.0,0.0,0.0,0.0
C037,2026,30061.0,218940000.0,936400.1499999999,218940000.0,936400.1499999999
C037,2027,30061.0,0.0,936400.1499999999,218940000.0,1872800.2999999998
C037,2028,30062.0,0.0,936431.2999999999,218940000.0,2809231.5999999996
C037,2029,30061.0,0.0,936400.1499999999,218940000.0,3745631.7499999995
C037,2030,30061.0,0.0,936400.1499999999,218940000.0,4682031.899999999
C037,2031,30061.0,0.0,936400.1499999999,218940000.0,5618432.049999999
C037,2032,30061.0,218940000.0,936400.1499999999,437880000.0,6554832.199999999
C037,2033,30062.0,0.0,936431.2999999999,437880000.0,7491263.499999999
C037,2034,30061.0,0.0,936400.1499999999,437880000.0,8427663.649999999
C037,2035,30061.0,0.0,936400.1499999999,437880000.0,9364063.799999999
C037,2036,30061.0,0.0,936400.1499999999,437880000.0,10300463.95
C037,2037,30061.0,0.0,936400.1499999999,437880000.0,11236864.1
C037,2038,30062.0,218940000.0,936431.2999999999,656820000.0,12173295.4
C037,2039,30061.0,0.0,936400.1499999999,656820000.0,13109695.55
C037,2040,30061.0,0.0,936400.1499999999,656820000.0,14046095.700000001
C037,2041,30061.0,0.0,936400.1499999999,656820000.0,14982495.850000001
C037,2042,30061.0,0.0,936400.1499999999,656820000.0,15918896.000000002
C037,2043,30062.0,0.0,936431.2999999999,656820000.0,16855327.3
C037,2044,30061.0,0.0,936400.1499999999,656820000.0,17791727.45
C037,2045,30061.0,218940000.0,936400.1499999999,875760000.0,18728127.599999998
C037,2046,30061.0,0.0,936400.1499999999,875760000.0,19664527.749999996
C037,2047,30061.0,0.0,936400.1499999999,875760000.0,20600927.899999995
C037,2048,30062.0,0.0,936431.2999999999,875760000.0,21537359.199999996
C037,2049,30061.0,0.0,936400.1499999999,875760000.0,22473759.349999994
C037,2050,30061.0,0.0,936400.1499999999,875760000.0,23410159.499999993
C038,2025,0.0,0.0,0.0,0.0,0.0
C038,2026,141454.0,917750000.0,5324483.71,917750000.0,5324483.71
C038,2027,141455.0,771630000.0,5452885.59,1689380000.0,10777369.3
C038,2028,141454.0,771630000.0,5310097.0,2461010000.0,16087466.3
C038,2029,141455.0,771630000.0,5310144.03,3232640000.0,21397610.330000002
C038,2030,141454.0,771630000.0,5310097.0,4004270000.0,26707707.330000002
C038,2031,141454.0,771630000.0,5310097.0,4775900000.0,32017804.330000002
C038,2032,141455.0,771630000.0,5310144.029999999,5547530000.0,37327948.36
C038,2033,141454.0,771630000.0,5310097.0,6319160000.0,42638045.36
C038,2034,141455.0,771630000.0,5310144.029999999,7090790000.0,47948189.39
C038,2035,141454.0,771630000.0,5310097.0,7862420000.0,53258286.39
C038,2036,141454.0,917750000.0,5311280.26,8780170000.0,58569566.65
C038,2037,141455.0,771630000.0,5466089.039999999,9551800000.0,64035655.69
C038,2038,141454.0,771630000.0,5310097.0,10323430000.0,69345752.69
C038,2039,141455.0,771630000.0,5310144.029999999,11095060000.0,74655896.72
C038,2040,141454.0,771630000.0,5310097.0,11866690000.0,79965993.72
C038,2041,141454.0,771630000.0,5310097.0,12638320000.0,85276090.72
C038,2042,141455.0,771630000.0,5310144.03,13409950000.0,90586234.75
C038,2043,141454.0,771630000.0,5310097.0,14181580000.0,95896331.75
C038,2044,141455.0,771630000.0,5310144.029999999,14953210000.0,101206475.78
C038,2045,141454.0,771630000.0,5310097.0,15724840000.0,106516572.78
C038,2046,141454.0,771630000.0,5310097.0,16496470000.0,111826669.78
C038,2047,141455.0,917750000.0,5312524.98,17414220000.0,117139194.76
C038,2048,141454.0,771630000.0,5464844.32,18185850000.0,122604039.08000001
C038,2049,141455.0,771630000.0,5310144.03,18957480000.0,127914183.11000001
C038,2050,141454.0,771630000.0,5310097.0,19729110000.0,133224280.11000001
C039,2025,,569080000.0,36483188.03,569080000.0,36483188.03
C039,2026,,569080000.0,36483188.03,1138160000.0,72966376.06
C039,2027,,569080000.0,36483188.03,1707240000.0,109449564.09
C039,2028,,569080000.0,36483188.03,2276320000.0,145932752.12
C039,2029,,569080000.0,36483188.03,2845400000.0,182415940.15
C039,2030,,569080000.0,36483188.03,3414480000.0,218899128.18
C039,2031,,569080000.0,36483188.03,3983560000.0,255382316.21
C039,2032,,569080000.0,36483188.03,4552640000.0,291865504.24
C039,2033,,569080000.0,36483188.03,5121720000.0,328348692.27
C039,2034,,569080000.0,36483188.03,5690800000.0,364831880.29999995
C039,2035,,569080000.0,36483188.03,6259880000.0,401315068.3299999
C039,2036,,569080000.0,36483188.03,6828960000.0,437798256.3599999
C039,2037,,569080000.0,36483188.03,7398040000.0,474281444.38999987
C039,2038,,569080000.0,36483188.03,7967120000.0,510764632.41999984
C039,2039,,569080000.0,36483188.03,8536200000.0,547247820.4499998
C039,2040,,569080000.0,36483188.03,9105280000.0,583731008.4799998
C039,2041,,569080000.0,36483188.03,9674360000.0,620214196.5099998
C039,2042,,569080000.0,36483188.03,10243440000.0,656697384.5399997
C039,2043,,569080000.0,36483188.03,10812520000.0,693180572.5699997
C039,2044,,569080000.0,36483188.03,11381600000.0,729663760.5999997
C039,2045,,569080000.0,36483188.03,11950680000.0,766146948.6299996
C039,2046,,569080000.0,36483188.03,12519760000.0,802630136.6599996
C039,2047,,569080000.0,36483188.03,13088840000.0,839113324.6899996
C039,2048,,569080000.0,36483188.03,13657920000.0,875596512.7199996
C039,2049,,569080000.0,36483188.03,14227000000.0,912079700.7499995
C039,2050,,569080000.0,36483188.03,14796080000.0,948562888.7799995
C040,2025,0.0,0.0,0.0,0.0,0.0
C040,2026,410434.0,1790570000.0,27685497.25,1790570000.0,27685497.25
C040,2027,410435.0,1790570000.0,27685583.51,3581140000.0,55371080.760000005
C040,2028,410434.0,1790570000.0,27685497.25,5371710000.0,83056578.01
C040,2029,410435.0,1790570000.0,27685583.509999998,7162280000.0,110742161.52000001
C040,2030,410434.0,1790570000.0,27685497.25,8952850000.0,138427658.77
C040,2031,410434.0,1790570000.0,27685497.25,10743420000.0,166113156.02
C040,2032,410435.0,1790570000.0,27685583.509999998,12533990000.0,193798739.53
C040,2033,410434.0,1790570000.0,27685497.25,14324560000.0,221484236.78
C040,2034,410435.0,1790570000.0,27685583.51,16115130000.0,249169820.29
C040,2035,410434.0,1790570000.0,27685497.25,17905700000.0,276855317.53999996
C040,2036,410434.0,1790570000.0,27685497.25,19696270000.0,304540814.78999996
C040,2037,410435.0,1790570000.0,27685583.51,21486840000.0,332226398.29999995
C040,2038,410434.0,1790570000.0,27685497.250000004,23277410000.0,359911895.54999995
C040,2039,410435.0,1790570000.0,27685583.51,25067980000.0,387597479.05999994
C040,2040,410434.0,1790570000.0,27685497.250000004,26858550000.0,415282976.30999994
C040,2041,410434.0,1790570000.0,27685497.250000004,28649120000.0,442968473.55999994
C040,2042,410435.0,1790570000.0,27685583.510000005,30439690000.0,470654057.06999993
C040,2043,410434.0,1790570000.0,27685497.250000007,32230260000.0,498339554.31999993
C040,2044,410435.0,1790570000.0,27685583.510000005,34020830000.0,526025137.8299999
C040,2045,410434.0,1790570000.0,27685497.250000004,35811400000.0,553710635.0799999
C040,2046,410434.0,1790570000.0,27685497.250000004,37601970000.0,581396132.3299999
C040,2047,410435.0,1337150000.0,27706457.770000003,38939120000.0,609102590.0999999
C040,2048,410434.0,1790570000.0,27664622.990000002,40729690000.0,636767213.0899999
C040,2049,410435.0,1790570000.0,27685583.510000005,42520260000.0,664452796.5999999
C040,2050,410434.0,1790570000.0,27685497.250000004,44310830000.0,692138293.8499999
C041,2025,0.0,0.0,0.0,0.0,0.0
C041,2026,216743.0,1790570000.0,10977711.59,1790570000.0,10977711.59
C041,2027,216742.0,631170000.0,18004555.98,2421740000.0,28982267.57
C041,2028,216742.0,771630000.0,7813650.579999999,3193370000.0,36795918.15
C041,2029,216742.0,1790570000.0,10947182.85,4983940000.0,47743101.0
C041,2030,216743.0,631170000.0,18045529.68,5615110000.0,65788630.68
C041,2031,216743.0,771630000.0,7803252.649999999,6386740000.0,73591883.33
C041,2032,216742.0,1790570000.0,10916779.6,8177310000.0,84508662.92999999
C041,2033,216742.0,631170000.0,18086330.86,8808480000.0,102594993.78999999
C041,2034,216742.0,771630000.0,7792760.66,9580110000.0,110387754.44999999
C041,2035,216743.0,1790570000.0,10886384.149999999,11370680000.0,121274138.6
C041,2036,216743.0,631170000.0,18127251.87,12001850000.0,139401390.47
C041,2037,216742.0,771630000.0,7782329.16,12773480000.0,147183719.63
C041,2038,216742.0,1790570000.0,10855894.639999999,14564050000.0,158039614.26999998
C041,2039,216742.0,631170000.0,18168105.74,15195220000.0,176207720.01
C041,2040,216743.0,771630000.0,7771917.7700000005,15966850000.0,183979637.78
C041,2041,216743.0,1790570000.0,10825538.42,17757420000.0,194805176.2
C041,2042,216742.0,631170000.0,18208940.49,18388590000.0,213014116.69
C041,2043,216742.0,771630000.0,7761439.24,19160220000.0,220775555.93
C041,2044,216742.0,1790570000.0,10795009.680000002,20950790000.0,231570565.61
C041,2045,216743.0,631170000.0,18249914.19,21581960000.0,249820479.8
C041,2046,216743.0,771630000.0,7751041.3100000005,22353590000.0,257571521.11
C041,2047,216742.0,1790570000.0,10764606.430000002,24144160000.0,268336127.54000002
C041,2048,216742.0,631170000.0,18290715.37,24775330000.0,286626842.91
C041,2049,216742.0,771630000.0,7740549.319999998,25546960000.0,294367392.23
C041,2050,216743.0,1790570000.0,10734210.98,27337530000.0,305101603.21000004
C042,2025,0.0,0.0,0.0,0.0,0.0
C042,2026,103200.0,771630000.0,3511011.38,771630000.0,3511011.38
C042,2027,103200.0,631170000.0,3965903.22,1402800000.0,7476914.6
C042,2028,103200.0,631170000.0,3464424.0,2033970000.0,10941338.6
C042,2029,103200.0,694230000.0,3467203.92,2728200000.0,14408542.52
C042,2030,103200.0,694230000.0,3484724.28,3422430000.0,17893266.8
C042,2031,103200.0,694230000.0,3484724.28,4116660000.0,21377991.080000002
C042,2032,103200.0,694230000.0,3484724.28,4810890000.0,24862715.360000003
C042,2033,103200.0,694230000.0,3484724.28,5505120000.0,28347439.640000004
C042,2034,103200.0,771630000.0,3508797.98,6276750000.0,31856237.620000005
C042,2035,103200.0,631170000.0,3968406.7800000003,6907920000.0,35824644.400000006
C042,2036,103200.0,631170000.0,3464424.0,7539090000.0,39289068.400000006
C042,2037,103200.0,694230000.0,3466913.76,8233320000.0,42755982.160000004
C042,2038,103200.0,694230000.0,3484724.28,8927550000.0,46240706.440000005
C042,2039,103200.0,694230000.0,3484724.28,9621780000.0,49725430.720000006
C042,2040,103200.0,694230000.0,3484724.2800000003,10316010000.0,53210155.00000001
C042,2041,103200.0,694230000.0,3484724.28,11010240000.0,56694879.28000001
C042,2042,103200.0,771630000.0,3506584.5799999996,11781870000.0,60201463.86000001
C042,2043,103200.0,631170000.0,3970910.3400000003,12413040000.0,64172374.20000001
C042,2044,103200.0,631170000.0,3464424.0,13044210000.0,67636798.20000002
C042,2045,103200.0,694230000.0,3466623.5999999996,13738440000.0,71103421.80000001
C042,2046,103200.0,694230000.0,3484724.2800000003,14432670000.0,74588146.08000001
C042,2047,103200.0,694230000.0,3484724.28,15126900000.0,78072870.36000001
C042,2048,103200.0,694230000.0,3484724.28,15821130000.0,81557594.64000002
C042,2049,103200.0,694230000.0,3484724.28,16515360000.0,85042318.92000002
C042,2050,103200.0,771630000.0,3504371.1799999997,17286990000.0,88546690.10000002
C043,2025,0.0,0.0,0.0,0.0,0.0
C043,2026,636678.0,1084590000.0,21634894.71,1084590000.0,21634894.71
C043,2027,636678.0,1084590000.0,21634894.71,2169180000.0,43269789.42
C043,2028,636678.0,1084590000.0,21634894.71,3253770000.0,64904684.13
C043,2029,636678.0,1084590000.0,21634894.71,4338360000.0,86539578.84
C043,2030,636678.0,1084590000.0,21634894.71,5422950000.0,108174473.55000001
C043,2031,636678.0,1084590000.0,21634894.71,6507540000.0,129809368.26000002
C043,2032,636678.0,1084590000.0,21634894.71,7592130000.0,151444262.97000003
C043,2033,636678.0,1084590000.0,21634894.71,8676720000.0,173079157.68000004
C043,2034,636678.0,1084590000.0,21634894.71,9761310000.0,194714052.39000005
C043,2035,636678.0,1084590000.0,21634894.71,10845900000.0,216348947.10000005
C043,2036,636678.0,1084590000.0,21634894.71,11930490000.0,237983841.81000006
C043,2037,636678.0,1084590000.0,21634894.71,13015080000.0,259618736.52000007
C043,2038,636678.0,1084590000.0,21634894.71,14099670000.0,281253631.2300001
C043,2039,636678.0,1084590000.0,21634894.71,15184260000.0,302888525.94000006
C043,2040,636678.0,1084590000.0,21634894.71,16268850000.0,324523420.65000004
C043,2041,636678.0,1084590000.0,21634894.71,17353440000.0,346158315.36
C043,2042,636678.0,1084590000.0,21634894.71,18438030000.0,367793210.07
C043,2043,636678.0,1084590000.0,21634894.71,19522620000.0,389428104.78
C043,2044,636678.0,1084590000.0,21634894.71,20607210000.0,411062999.48999995
C043,2045,636678.0,1084590000.0,21634894.71,21691800000.0,432697894.1999999
C043,2046,636678.0,1084590000.0,21634894.71,22776390000.0,454332788.9099999
C043,2047,636678.0,1084590000.0,21634894.71,23860980000.0,475967683.6199999
C043,2048,636678.0,1084590000.0,21634894.71,24945570000.0,497602578.32999986
C043,2049,636678.0,1084590000.0,21634894.71,26030160000.0,519237473.03999984
C043,2050,636678.0,1084590000.0,21634894.71,27114750000.0,540872367.7499999
C044,2025,0.0,0.0,0.0,0.0,0.0
C044,2026,0.0,0.0,0.0,0.0,0.0
C044,2027,0.0,0.0,0.0,0.0,0.0
C044,2028,0.0,0.0,0.0,0.0,0.0
C044,2029,0.0,0.0,0.0,0.0,0.0
C044,2030,0.0,0.0,0.0,0.0,0.0
C044,2031,0.0,0.0,0.0,0.0,0.0
C044,2032,0.0,0.0,0.0,0.0,0.0
C044,2033,0.0,0.0,0.0,0.0,0.0
C044,2034,0.0,0.0,0.0,0.0,0.0
C044,2035,0.0,0.0,0.0,0.0,0.0
C044,2036,0.0,0.0,0.0,0.0,0.0
C044,2037,0.0,0.0,0.0,0.0,0.0
C044,2038,0.0,0.0,0.0,0.0,0.0
C044,2039,0.0,0.0,0.0,0.0,0.0
C044,2040,0.0,0.0,0.0,0.0,0.0
C044,2041,0.0,0.0,0.0,0.0,0.0
C044,2042,0.0,0.0,0.0,0.0,0.0
C044,2043,0.0,0.0,0.0,0.0,0.0
C044,2044,0.0,0.0,0.0,0.0,0.0
C044,2045,0.0,0.0,0.0,0.0,0.0
C044,2046,0.0,0.0,0.0,0.0,0.0
C044,2047,0.0,0.0,0.0,0.0,0.0
C044,2048,0.0,0.0,0.0,0.0,0.0
C044,2049,0.0,0.0,0.0,0.0,0.0
C044,2050,0.0,0.0,0.0,0.0,0.0
C045,2025,0.0,0.0,0.0,0.0,0.0
C045,2026,0.0,0.0,0.0,0.0,0.0
C045,2027,0.0,0.0,0.0,0.0,0.0
C045,2028,0.0,0.0,0.0,0.0,0.0
C045,2029,0.0,0.0,0.0,0.0,0.0
C045,2030,0.0,0.0,0.0,0.0,0.0
C045,2031,0.0,0.0,0.0,0.0,0.0
C045,2032,0.0,0.0,0.0,0.0,0.0
C045,2033,0.0,0.0,0.0,0.0,0.0
C045,2034,0.0,0.0,0.0,0.0,0.0
C045,2035,0.0,0.0,0.0,0.0,0.0
C045,2036,0.0,0.0,0.0,0.0,0.0
C045,2037,0.0,0.0,0.0,0.0,0.0
C045,2038,0.0,0.0,0.0,0.0,0.0
C045,2039,0.0,0.0,0.0,0.0,0.0
C045,2040,0.0,0.0,0.0,0.0,0.0
C045,2041,0.0,0.0,0.0,0.0,0.0
C045,2042,0.0,0.0,0.0,0.0,0.0
C045,2043,0.0,0.0,0.0,0.0,0.0
C045,2044,0.0,0.0,0.0,0.0,0.0
C045,2045,0.0,0.0,0.0,0.0,0.0
C045,2046,0.0,0.0,0.0,0.0,0.0
C045,2047,0.0,0.0,0.0,0.0,0.0
C045,2048,0.0,0.0,0.0,0.0,0.0
C045,2049,0.0,0.0,0.0,0.0,0.0
C045,2050,0.0,0.0,0.0,0.0,0.0
C046,2025,0.0,0.0,0.0,0.0,0.0
C046,2026,448048.0,2046380000.0,31051358.71,2046380000.0,31051358.71
C046,2027,448047.0,1790570000.0,31149327.509999998,3836950000.0,62200686.22
C046,2028,448048.0,2046380000.0,30953299.270000003,5883330000.0,93153985.49000001
C046,2029,448047.0,1790570000.0,31247386.950000003,7673900000.0,124401372.44000001
C046,2030,448048.0,1790570000.0,30930080.89,9464470000.0,155331453.33
C046,2031,448048.0,2046380000.0,30976517.650000002,11510850000.0,186307970.98000002
C046,2032,448047.0,1790570000.0,31224168.57,13301420000.0,217532139.55
C046,2033,448048.0,1790570000.0,30930080.89,15091990000.0,248462220.44
C046,2034,448047.0,2046380000.0,30999645.390000004,17138370000.0,279461865.83
C046,2035,448048.0,1790570000.0,31201040.83,18928940000.0,310662906.65999997
C046,2036,448048.0,1790570000.0,30930080.89,20719510000.0,341592987.54999995
C046,2037,448047.0,2046380000.0,31022863.770000003,22765890000.0,372615851.31999993
C046,2038,448048.0,1790570000.0,31177822.45,24556460000.0,403793673.7699999
C046,2039,448047.0,1790570000.0,30929994.63,26347030000.0,434723668.3999999
C046,2040,448048.0,2046380000.0,31046168.41,28393410000.0,465769836.80999994
C046,2041,448048.0,1790570000.0,31154604.07,30183980000.0,496924440.87999994
C046,2042,448047.0,2046380000.0,30948022.71,32230360000.0,527872463.5899999
C046,2043,448048.0,1790570000.0,31252663.509999998,34020930000.0,559125127.0999999
C046,2044,448047.0,1790570000.0,30929994.630000003,35811500000.0,590055121.7299999
C046,2045,448048.0,2046380000.0,30971327.35,37857880000.0,621026449.0799999
C046,2046,448048.0,1790570000.0,31229445.13,39648450000.0,652255894.2099999
C046,2047,448047.0,1790570000.0,30929994.63,41439020000.0,683185888.8399999
C046,2048,448048.0,2046380000.0,30994545.73,43485400000.0,714180434.5699999
C046,2049,448047.0,1790570000.0,31206140.490000002,45275970000.0,745386575.06
C046,2050,448048.0,1790570000.0,30930080.89,47066540000.0,776316655.9499999
C047,2025,0.0,0.0,0.0,0.0,0.0
C047,2026,581902.0,2298130000.0,42711237.93,2298130000.0,42711237.93
C047,2027,581904.0,2298130000.0,42711237.93,4596260000.0,85422475.86
C047,2028,581902.0,2298130000.0,42711237.93,6894390000.0,128133713.78999999
C047,2029,581904.0,2298130000.0,42711237.93,9192520000.0,170844951.72
C047,2030,581902.0,2298130000.0,42711237.93,11490650000.0,213556189.65
C047,2031,581902.0,2298130000.0,42711237.93,13788780000.0,256267427.58
C047,2032,581904.0,2298130000.0,42711237.93,16086910000.0,298978665.51
C047,2033,581902.0,2298130000.0,42711237.93,18385040000.0,341689903.44
C047,2034,581904.0,2298130000.0,42711237.93,20683170000.0,384401141.37
C047,2035,581902.0,2298130000.0,42711237.93,22981300000.0,427112379.3
C047,2036,581902.0,2298130000.0,42711237.93,25279430000.0,469823617.23
C047,2037,581904.0,2298130000.0,42711237.93,27577560000.0,512534855.16
C047,2038,581902.0,2298130000.0,42711237.93,29875690000.0,555246093.09
C047,2039,581904.0,2298130000.0,42711237.93,32173820000.0,597957331.02
C047,2040,581902.0,2298130000.0,42711237.93,34471950000.0,640668568.9499999
C047,2041,581902.0,2298130000.0,42711237.93,36770080000.0,683379806.8799999
C047,2042,581904.0,2298130000.0,42711237.93,39068210000.0,726091044.8099998
C047,2043,581902.0,2298130000.0,42711237.93,41366340000.0,768802282.7399998
C047,2044,581904.0,2298130000.0,42711237.93,43664470000.0,811513520.6699997
C047,2045,581902.0,2298130000.0,42711237.93,45962600000.0,854224758.5999997
C047,2046,581902.0,2298130000.0,42711237.93,48260730000.0,896935996.5299996
C047,2047,581904.0,2298130000.0,42711237.93,50558860000.0,939647234.4599996
C047,2048,581902.0,2298130000.0,42711237.93,52856990000.0,982358472.3899995
C047,2049,581904.0,2298130000.0,42711237.93,55155120000.0,1025069710.3199995
C047,2050,581902.0,2298130000.0,42711237.93,57453250000.0,1067780948.2499994
C048,2025,0.0,0.0,0.0,0.0,0.0
C048,2026,27500.0,356210000.0,1345850.0,356210000.0,1345850.0
C048,2027,27500.0,0.0,1345850.0,356210000.0,2691700.0
C048,2028,27500.0,0.0,1345850.0,356210000.0,4037550.0
C048,2029,27500.0,0.0,1345850.0,356210000.0,5383400.0
C048,2030,27500.0,356210000.0,1345850.0,712420000.0,6729250.0
C048,2031,27500.0,0.0,1345850.0,712420000.0,8075100.0
C048,2032,27500.0,0.0,1345850.0,712420000.0,9420950.0
C048,2033,27500.0,0.0,1345850.0,712420000.0,10766800.0
C048,2034,27500.0,356210000.0,1345850.0,1068630000.0,12112650.0
C048,2035,27500.0,0.0,1345850.0,1068630000.0,13458500.0
C048,2036,27500.0,0.0,1345850.0,1068630000.0,14804350.0
C048,2037,27500.0,0.0,1345850.0,1068630000.0,16150200.0
C048,2038,27500.0,0.0,1345850.0,1068630000.0,17496050.0
C048,2039,27500.0,356210000.0,1345850.0,1424840000.0,18841900.0
C048,2040,27500.0,0.0,1345850.0,1424840000.0,20187750.0
C048,2041,27500.0,0.0,1345850.0,1424840000.0,21533600.0
C048,2042,27500.0,0.0,1345850.0,1424840000.0,22879450.0
C048,2043,27500.0,356210000.0,1345850.0,1781050000.0,24225300.0
C048,2044,27500.0,0.0,1345850.0,1781050000.0,25571150.0
C048,2045,27500.0,0.0,1345850.0,1781050000.0,26917000.0
C048,2046,27500.0,0.0,1345850.0,1781050000.0,28262850.0
C048,2047,27500.0,356210000.0,1345849.9999999998,2137260000.0,29608700.0
C048,2048,27500.0,0.0,1345850.0,2137260000.0,30954550.0
C048,2049,27500.0,0.0,1345850.0,2137260000.0,32300400.0
C048,2050,27500.0,0.0,1345850.0,2137260000.0,33646250.0
C049,2025,0.0,0.0,0.0,0.0,0.0
C049,2026,195801.0,1337150000.0,9241491.91,1337150000.0,9241491.91
C049,2027,202527.0,1337150000.0,9768272.23,2674300000.0,19009764.14
C049,2028,209367.0,1337150000.0,10303981.030000001,4011450000.0,29313745.17
C049,2029,216326.0,1790570000.0,10892147.93,5802020000.0,40205893.1
C049,2030,223401.0,631170000.0,18579172.080000002,6433190000.0,58785065.18000001
C049,2031,230596.0,1011270000.0,8662832.23,7444460000.0,67447897.41000001
C049,2032,237914.0,1790570000.0,12568718.12,9235030000.0,80016615.53000002
C049,2033,245355.0,631170000.0,18449153.91,9866200000.0,98465769.44000001
C049,2034,252919.0,1790570000.0,12061468.71,11656770000.0,110527238.15
C049,2035,260612.0,631170000.0,19607943.080000002,12287940000.0,130135181.23
C049,2036,268433.0,1790570000.0,13556986.000000002,14078510000.0,143692167.23000002
C049,2037,276384.0,631170000.0,19162696.810000002,14709680000.0,162854864.04000002
C049,2038,284468.0,1790570000.0,16745904.09,16500250000.0,179600768.13000003
C049,2039,292685.0,1011270000.0,18040676.01,17511520000.0,197641444.14000002
C049,2040,301038.0,1790570000.0,18052302.57,19302090000.0,215693746.71
C049,2041,309529.0,1337150000.0,19171634.650000002,20639240000.0,234865381.36
C049,2042,318160.0,1790570000.0,19535739.310000002,22429810000.0,254401120.67000002
C049,2043,326932.0,1337150000.0,20513334.590000004,23766960000.0,274914455.26
C049,2044,335849.0,1790570000.0,21221075.29,25557530000.0,296135530.55
C049,2045,344910.0,1790570000.0,22033397.009999998,27348100000.0,318168927.56
C049,2046,354120.0,1337150000.0,22941830.310000002,28685250000.0,341110757.87
C049,2047,363479.0,1790570000.0,23521180.25,30475820000.0,364631938.12
C049,2048,372989.0,1790570000.0,24455491.55,32266390000.0,389087429.67
C049,2049,382654.0,1790570000.0,25289194.45,34056960000.0,414376624.12
C049,2050,392475.0,1790570000.0,26136353.910000004,35847530000.0,440512978.03000003
C050,2025,0.0,0.0,0.0,0.0,0.0
C050,2026,98276.0,447590000.0,8925277.02,447590000.0,8925277.02
C050,2027,98275.0,447590000.0,8925277.02,895180000.0,17850554.04
C050,2028,98276.0,447590000.0,8925277.02,1342770000.0,26775831.06
C050,2029,98275.0,447590000.0,8925277.02,1790360000.0,35701108.08
C050,2030,98276.0,447590000.0,8925277.02,2237950000.0,44626385.099999994
C050,2031,98276.0,447590000.0,8925277.02,2685540000.0,53551662.11999999
C050,2032,98275.0,447590000.0,8925277.02,3133130000.0,62476939.139999986
C050,2033,98276.0,447590000.0,8925277.02,3580720000.0,71402216.15999998
C050,2034,98275.0,447590000.0,8925277.02,4028310000.0,80327493.17999998
C050,2035,98276.0,447590000.0,8925277.02,4475900000.0,89252770.19999997
C050,2036,98276.0,447590000.0,8925277.02,4923490000.0,98178047.21999997
C050,2037,98275.0,447590000.0,8925277.02,5371080000.0,107103324.23999996
C050,2038,98276.0,447590000.0,8925277.02,5818670000.0,116028601.25999996
C050,2039,98275.0,447590000.0,8925277.02,6266260000.0,124953878.27999996
C050,2040,98276.0,447590000.0,8925277.02,6713850000.0,133879155.29999995
C050,2041,98276.0,447590000.0,8925277.02,7161440000.0,142804432.31999996
C050,2042,98275.0,447590000.0,8925277.02,7609030000.0,151729709.33999997
C050,2043,98276.0,447590000.0,8925277.02,8056620000.0,160654986.35999998
C050,2044,98275.0,447590000.0,8925277.02,8504210000.0,169580263.38
C050,2045,98276.0,447590000.0,8925277.02,8951800000.0,178505540.4
C050,2046,98276.0,447590000.0,8925277.02,9399390000.0,187430817.42000002
C050,2047,98275.0,447590000.0,8925277.02,9846980000.0,196356094.44000003
C050,2048,98276.0,447590000.0,8925277.02,10294570000.0,205281371.46000004
C050,2049,98275.0,447590000.0,8925277.02,10742160000.0,214206648.48000005
C050,2050,98276.0,447590000.0,8925277.02,11189750000.0,223131925.50000006
