uid,year,scenario,carbon_cost_usd
C002,2025,Low Risk,728825557.89
C002,2025,Medium Risk,781877600.0
C002,2025,High Risk,785160084.21
C002,2026,Low Risk,752529437.95
C002,2026,Medium Risk,833007982.52
C002,2026,High Risk,936921560.11
C002,2027,Low Risk,776030187.43
C002,2027,Medium Risk,883723351.28
C002,2027,High Risk,1087496203.54
C002,2028,Low Risk,799327806.35
C002,2028,Medium Risk,934023706.28
C002,2028,High Risk,1236884014.51
C002,2029,Low Risk,822422294.69
C002,2029,Medium Risk,983909047.52
C002,2029,High Risk,1385084993.01
C002,2030,Low Risk,845313652.47
C002,2030,Medium Risk,1033379375.0
C002,2030,High Risk,1532099139.05
C002,2031,Low Risk,868001879.68
C002,2031,Medium Risk,1082434688.72
C002,2031,High Risk,1677926452.63
C002,2032,Low Risk,890486976.33
C002,2032,Medium Risk,1131074988.68
C002,2032,High Risk,1822566933.75
C002,2033,Low Risk,912768942.4
C002,2033,Medium Risk,1179300274.88
C002,2033,High Risk,1966020582.4
C002,2034,Low Risk,934847777.91
C002,2034,Medium Risk,1227110547.32
C002,2034,High Risk,2108287398.59
C002,2035,Low Risk,956723482.84
C002,2035,Medium Risk,1274505806.0
C002,2035,High Risk,2249367382.32
C002,2036,Low Risk,978396057.21
C002,2036,Medium Risk,1321486050.92
C002,2036,High Risk,2389260533.58
C002,2037,Low Risk,999865501.01
C002,2037,Medium Risk,1368051282.08
C002,2037,High Risk,2527966852.38
C002,2038,Low Risk,1021131814.24
C002,2038,Medium Risk,1414201499.48
C002,2038,High Risk,2665486338.72
C002,2039,Low Risk,1042194996.91
C002,2039,Medium Risk,1459936703.12
C002,2039,High Risk,2801818992.59
C002,2040,Low Risk,1063055049.0
C002,2040,Medium Risk,1505256893.0
C002,2040,High Risk,2936964814.0
C002,2041,Low Risk,1083711970.53
C002,2041,Medium Risk,1550162069.12
C002,2041,High Risk,3070923802.95
C002,2042,Low Risk,1104165761.48
C002,2042,Medium Risk,1594652231.48
C002,2042,High Risk,3203695959.43
C002,2043,Low Risk,1124416421.87
C002,2043,Medium Risk,1638727380.08
C002,2043,High Risk,3335281283.45
C002,2044,Low Risk,1144463951.69
C002,2044,Medium Risk,1682387514.92
C002,2044,High Risk,3465679775.01
C002,2045,Low Risk,1164308350.95
C002,2045,Medium Risk,1725632636.0
C002,2045,High Risk,3594891434.11
C002,2046,Low Risk,1183949619.63
C002,2046,Medium Risk,1768462743.32
C002,2046,High Risk,3722916260.74
C002,2047,Low Risk,1203387757.75
C002,2047,Medium Risk,1810877836.88
C002,2047,High Risk,3849754254.91
C002,2048,Low Risk,1222622765.29
C002,2048,Medium Risk,1852877916.68
C002,2048,High Risk,3975405416.61
C002,2049,Low Risk,1241654642.27
C002,2049,Medium Risk,1894462982.72
C002,2049,High Risk,4099869745.85
C002,2050,Low Risk,1260483388.68
C002,2050,Medium Risk,1935633035.0
C002,2050,High Risk,4223147242.63
C003,2025,Low Risk,2856797589.47
C003,2025,Medium Risk,2899022763.16
C003,2025,High Risk,1194993352.94
C003,2026,Low Risk,2890494090.73
C003,2026,Medium Risk,3066586534.43
C003,2026,High Risk,2012516226.41
C003,2027,Low Risk,2922348190.79
C003,2027,Medium Risk,3228796718.75
C003,2027,High Risk,2808280786.82
C003,2028,Low Risk,2952360111.7
C003,2028,Medium Risk,3385653570.77
C003,2028,High Risk,3582287303.61
C003,2029,Low Risk,2980529414.51
C003,2029,Medium Risk,3537156596.19
C003,2029,High Risk,4334535298.92
C003,2030,Low Risk,3006856316.12
C003,2030,Medium Risk,3683306034.65
C003,2030,High Risk,5065024981.18
C003,2031,Low Risk,3031340816.52
C003,2031,Medium Risk,3824101886.16
C003,2031,High Risk,5773756350.37
C003,2032,Low Risk,3053982915.72
C003,2032,Medium Risk,3959544150.72
C003,2032,High Risk,6460729406.51
C003,2033,Low Risk,3074782861.61
C003,2033,Medium Risk,4089633158.04
C003,2033,High Risk,7125944724.11
C003,2034,Low Risk,3093740163.57
C003,2034,Medium Risk,4214368263.7
C003,2034,High Risk,7769401215.15
C003,2035,Low Risk,3110855064.32
C003,2035,Medium Risk,4333749782.4
C003,2035,High Risk,8391099393.13
C003,2036,Low Risk,3126127563.87
C003,2036,Medium Risk,4447777714.15
C003,2036,High Risk,8991039258.06
C003,2037,Low Risk,3139557662.21
C003,2037,Medium Risk,4556452058.94
C003,2037,High Risk,9569220809.93
C003,2038,Low Risk,3151145633.08
C003,2038,Medium Risk,4659773221.56
C003,2038,High Risk,10125644928.32
C003,2039,Low Risk,3160890934.18
C003,2039,Medium Risk,4757740407.46
C003,2039,High Risk,10660309915.09
C003,2040,Low Risk,3168793834.08
C003,2040,Medium Risk,4850354006.4
C003,2040,High Risk,11173216588.8
C003,2041,Low Risk,3174854332.77
C003,2041,Medium Risk,4937614018.39
C003,2041,High Risk,11664364949.46
C003,2042,Low Risk,3179072430.26
C003,2042,Medium Risk,5019520443.42
C003,2042,High Risk,12133754997.06
C003,2043,Low Risk,3181448426.11
C003,2043,Medium Risk,5096073761.34
C003,2043,High Risk,12581387916.24
C003,2044,Low Risk,3181981726.35
C003,2044,Medium Risk,5167273027.47
C003,2044,High Risk,13007261398.74
C003,2045,Low Risk,3180672625.4
C003,2045,Medium Risk,5233118706.65
C003,2045,High Risk,13411376568.19
C003,2046,Low Risk,3177521123.24
C003,2046,Medium Risk,5293610798.88
C003,2046,High Risk,13793733424.58
C003,2047,Low Risk,3172527219.87
C003,2047,Medium Risk,5348749304.15
C003,2047,High Risk,14154331967.91
C003,2048,Low Risk,3165691240.69
C003,2048,Medium Risk,5398534777.36
C003,2048,High Risk,14493173687.89
C003,2049,Low Risk,3157012540.09
C003,2049,Medium Risk,5442966123.74
C003,2049,High Risk,14810255666.12
C003,2050,Low Risk,3146491438.27
C003,2050,Medium Risk,5482043883.16
C003,2050,High Risk,15105579331.29
C004,2025,Low Risk,779317452.63
C004,2025,Medium Risk,795110905.26
C004,2025,High Risk,851811726.32
C004,2026,Low Risk,791524922.03
C004,2026,Medium Risk,861604030.66
C004,2026,High Risk,987002025.37
C004,2027,Low Risk,803600717.05
C004,2027,Medium Risk,927503841.23
C004,2027,High Risk,1121013496.19
C004,2028,Low Risk,815544864.79
C004,2028,Medium Risk,992810369.96
C004,2028,High Risk,1253846180.43
C004,2029,Low Risk,827357311.57
C004,2029,Medium Risk,1057523553.17
C004,2029,High Risk,1385499999.33
C004,2030,Low Risk,839038083.97
C004,2030,Medium Risk,1121643421.55
C004,2030,High Risk,1515974989.99
C004,2031,Low Risk,850587182.0
C004,2031,Medium Risk,1185169975.1
C004,2031,High Risk,1645271152.4
C004,2032,Low Risk,862004605.66
C004,2032,Medium Risk,1248103213.82
C004,2032,High Risk,1773388486.58
C004,2033,Low Risk,873290384.59
C004,2033,Medium Risk,1310443182.2
C004,2033,High Risk,1900327057.04
C004,2034,Low Risk,884444460.01
C004,2034,Medium Risk,1372189793.56
C004,2034,High Risk,2026086739.3
C004,2035,Low Risk,895466861.04
C004,2035,Medium Risk,1433343090.09
C004,2035,High Risk,2150667593.32
C004,2036,Low Risk,906357587.71
C004,2036,Medium Risk,1493903071.79
C004,2036,High Risk,2274069619.1
C004,2037,Low Risk,917116640.0
C004,2037,Medium Risk,1553869738.65
C004,2037,High Risk,2396292816.63
C004,2038,Low Risk,927744050.12
C004,2038,Medium Risk,1613243146.7
C004,2038,High Risk,2517337273.32
C004,2039,Low Risk,938239754.17
C004,2039,Medium Risk,1672023186.2
C004,2039,High Risk,2637202818.94
C004,2040,Low Risk,948603783.84
C004,2040,Medium Risk,1730209910.88
C004,2040,High Risk,2755889536.32
C004,2041,Low Risk,958836139.14
C004,2041,Medium Risk,1787803320.73
C004,2041,High Risk,2873397425.46
C004,2042,Low Risk,968936820.06
C004,2042,Medium Risk,1844803415.74
C004,2042,High Risk,2989726486.35
C004,2043,Low Risk,978905861.37
C004,2043,Medium Risk,1901210263.44
C004,2043,High Risk,3104876829.26
C004,2044,Low Risk,988743194.05
C004,2044,Medium Risk,1957023731.1
C004,2044,High Risk,3218848238.24
C004,2045,Low Risk,998448852.36
C004,2045,Medium Risk,2012243883.92
C004,2045,High Risk,3331640818.98
C004,2046,Low Risk,1008022836.29
C004,2046,Medium Risk,2066870721.92
C004,2046,High Risk,3443254571.48
C004,2047,Low Risk,1017465145.85
C004,2047,Medium Risk,2120904245.08
C004,2047,High Risk,3553689495.73
C004,2048,Low Risk,1026775818.35
C004,2048,Medium Risk,2174344532.44
C004,2048,High Risk,3662945724.87
C004,2049,Low Risk,1035954779.67
C004,2049,Medium Risk,2227191428.25
C004,2049,High Risk,3771022997.21
C004,2050,Low Risk,1045002066.61
C004,2050,Medium Risk,2279445009.22
C004,2050,High Risk,3877921441.31
C006,2025,Low Risk,1081789747.37
C006,2025,Medium Risk,1040138926.32
C006,2025,High Risk,1120710831.58
C006,2026,Low Risk,1089568086.73
C006,2026,Medium Risk,1135180855.07
C006,2026,High Risk,1304766281.91
C006,2027,Low Risk,1097231358.16
C006,2027,Medium Risk,1229316979.14
C006,2027,High Risk,1487104279.47
C006,2028,Low Risk,1104779620.02
C006,2028,Medium Risk,1322547361.62
C006,2028,High Risk,1667724898.8
C006,2029,Low Risk,1112212813.27
C006,2029,Medium Risk,1414871934.1
C006,2029,High Risk,1846628055.29
C006,2030,Low Risk,1119530997.63
C006,2030,Medium Risk,1506290770.31
C006,2030,High Risk,2023813843.62
C006,2031,Low Risk,1126734143.4
C006,2031,Medium Risk,1596803834.71
C006,2031,High Risk,2199282218.96
C006,2032,Low Risk,1133822219.55
C006,2032,Medium Risk,1686411081.14
C006,2032,High Risk,2373033116.36
C006,2033,Low Risk,1140795287.82
C006,2033,Medium Risk,1775112599.27
C006,2033,High Risk,2545066660.7
C006,2034,Low Risk,1147653285.79
C006,2034,Medium Risk,1862908294.11
C006,2034,High Risk,2715382717.03
C006,2035,Low Risk,1154396276.56
C006,2035,Medium Risk,1949798265.96
C006,2035,High Risk,2883981430.37
C006,2036,Low Risk,1161024228.74
C006,2036,Medium Risk,2035782466.01
C006,2036,High Risk,3050862730.73
C006,2037,Low Risk,1167537109.61
C006,2037,Medium Risk,2120860834.8
C006,2037,High Risk,3216026527.96
C006,2038,Low Risk,1173934984.29
C006,2038,Medium Risk,2205033488.57
C006,2038,High Risk,3379472997.32
C006,2039,Low Risk,1180217786.98
C006,2039,Medium Risk,2288300305.78
C006,2039,High Risk,3541201953.48
C006,2040,Low Risk,1186385584.16
C006,2040,Medium Risk,2370661413.28
C006,2040,High Risk,3701213591.84
C006,2041,Low Risk,1192438342.75
C006,2041,Medium Risk,2452116748.97
C006,2041,High Risk,3859507817.22
C006,2042,Low Risk,1198376028.35
C006,2042,Medium Risk,2532666240.13
C006,2042,High Risk,4016084514.28
C006,2043,Low Risk,1204198709.44
C006,2043,Medium Risk,2612310029.55
C006,2043,High Risk,4170943908.66
C006,2044,Low Risk,1209906316.85
C006,2044,Medium Risk,2691047969.11
C006,2044,High Risk,4324085764.65
C006,2045,Low Risk,1215498920.44
C006,2045,Medium Risk,2768880212.26
C006,2045,High Risk,4475510328.03
C006,2046,Low Risk,1220976485.44
C006,2046,Medium Risk,2845806683.6
C006,2046,High Risk,4625217478.42
C006,2047,Low Risk,1226338975.76
C006,2047,Medium Risk,2921827297.12
C006,2047,High Risk,4773207075.32
C006,2048,Low Risk,1231586463.26
C006,2048,Medium Risk,2996942222.18
C006,2048,High Risk,4919479394.71
C006,2049,Low Risk,1236718875.39
C006,2049,Medium Risk,3071151284.11
C006,2049,High Risk,5064034150.53
C006,2050,Low Risk,1241736285.39
C006,2050,Medium Risk,3144454662.91
C006,2050,High Risk,5206871638.93
C008,2025,Low Risk,670192886.84
C008,2025,Medium Risk,703669434.21
C008,2025,High Risk,694457828.95
C008,2026,Low Risk,682301124.58
C008,2026,Medium Risk,745561381.36
C008,2026,High Risk,822650881.98
C008,2027,Low Risk,694308392.51
C008,2027,Medium Risk,787143324.45
C008,2027,High Risk,949930820.97
C008,2028,Low Risk,706214690.63
C008,2028,Medium Risk,828415263.46
C008,2028,High Risk,1076297645.92
C008,2029,Low Risk,718020018.94
C008,2029,Medium Risk,869377198.4
C008,2029,High Risk,1201751356.82
C008,2030,Low Risk,729724377.45
C008,2030,Medium Risk,910029129.26
C008,2030,High Risk,1326291953.68
C008,2031,Low Risk,741327766.16
C008,2031,Medium Risk,950371056.06
C008,2031,High Risk,1449919436.51
C008,2032,Low Risk,752830185.05
C008,2032,Medium Risk,990402978.78
C008,2032,High Risk,1572633805.28
C008,2033,Low Risk,764231634.14
C008,2033,Medium Risk,1030124897.44
C008,2033,High Risk,1694435060.02
C008,2034,Low Risk,775532113.43
C008,2034,Medium Risk,1069536812.02
C008,2034,High Risk,1815323200.72
C008,2035,Low Risk,786731622.91
C008,2035,Medium Risk,1108638722.53
C008,2035,High Risk,1935298227.37
C008,2036,Low Risk,797830162.58
C008,2036,Medium Risk,1147430628.96
C008,2036,High Risk,2054360139.98
C008,2037,Low Risk,808827732.44
C008,2037,Medium Risk,1185912531.33
C008,2037,High Risk,2172508938.55
C008,2038,Low Risk,819724332.5
C008,2038,Medium Risk,1224084429.63
C008,2038,High Risk,2289744623.07
C008,2039,Low Risk,830519962.75
C008,2039,Medium Risk,1261946323.85
C008,2039,High Risk,2406067193.56
C008,2040,Low Risk,841214623.2
C008,2040,Medium Risk,1299498214.0
C008,2040,High Risk,2521476650.0
C008,2041,Low Risk,851808313.84
C008,2041,Medium Risk,1336740100.08
C008,2041,High Risk,2635972992.4
C008,2042,Low Risk,862301034.67
C008,2042,Medium Risk,1373671982.09
C008,2042,High Risk,2749556220.76
C008,2043,Low Risk,872692785.7
C008,2043,Medium Risk,1410293860.03
C008,2043,High Risk,2862226335.07
C008,2044,Low Risk,882983566.92
C008,2044,Medium Risk,1446605733.89
C008,2044,High Risk,2973983335.35
C008,2045,Low Risk,893173378.34
C008,2045,Medium Risk,1482607603.68
C008,2045,High Risk,3084827221.58
C008,2046,Low Risk,903262219.95
C008,2046,Medium Risk,1518299469.41
C008,2046,High Risk,3194757993.77
C008,2047,Low Risk,913250091.75
C008,2047,Medium Risk,1553681331.06
C008,2047,High Risk,3303775651.92
C008,2048,Low Risk,923136993.74
C008,2048,Medium Risk,1588753188.64
C008,2048,High Risk,3411880196.02
C008,2049,Low Risk,932922925.93
C008,2049,Medium Risk,1623515042.14
C008,2049,High Risk,3519071626.08
C008,2050,Low Risk,942607888.32
C008,2050,Medium Risk,1657966891.58
C008,2050,High Risk,3625349942.11
C009,2025,Low Risk,120179978.95
C009,2025,Medium Risk,121838113.16
C009,2025,High Risk,126246565.79
C009,2026,Low Risk,120986195.53
C009,2026,Medium Risk,130483808.92
C009,2026,High Risk,146621869.86
C009,2027,Low Risk,121765427.56
C009,2027,Medium Risk,138980337.48
C009,2027,High Risk,166664962.63
C009,2028,Low Risk,122517678.25
C009,2028,Medium Risk,147327702.07
C009,2028,High Risk,186375847.47
C009,2029,Low Risk,123242947.57
C009,2029,Medium Risk,155525902.69
C009,2029,High Risk,205754524.36
C009,2030,Low Risk,123941238.96
C009,2030,Medium Risk,163574943.84
C009,2030,High Risk,224800999.5
C009,2031,Low Risk,124612549.08
C009,2031,Medium Risk,171474821.53
C009,2031,High Risk,243515267.84
C009,2032,Low Risk,125256874.44
C009,2032,Medium Risk,179225530.74
C009,2032,High Risk,261897322.04
C009,2033,Low Risk,125874218.43
C009,2033,Medium Risk,186827075.98
C009,2033,High Risk,279947168.3
C009,2034,Low Risk,126464581.07
C009,2034,Medium Risk,194279457.25
C009,2034,High Risk,297664806.62
C009,2035,Low Risk,127027966.0
C009,2035,Medium Risk,201582680.33
C009,2035,High Risk,315050246.04
C009,2036,Low Risk,127564369.67
C009,2036,Medium Risk,208736739.95
C009,2036,High Risk,332103478.65
C009,2037,Low Risk,128073788.34
C009,2037,Medium Risk,215741629.81
C009,2037,High Risk,348824494.28
C009,2038,Low Risk,128556225.65
C009,2038,Medium Risk,222597355.69
C009,2038,High Risk,365213301.96
C009,2039,Low Risk,129011681.6
C009,2039,Medium Risk,229303917.61
C009,2039,High Risk,381269901.7
C009,2040,Low Risk,129440160.08
C009,2040,Medium Risk,235861322.62
C009,2040,High Risk,396994305.4
C009,2041,Low Risk,129841657.29
C009,2041,Medium Risk,242269564.17
C009,2041,High Risk,412386502.29
C009,2042,Low Risk,130216169.27
C009,2042,Medium Risk,248528634.68
C009,2042,High Risk,427446479.34
C009,2043,Low Risk,130563699.9
C009,2043,Medium Risk,254638541.21
C009,2043,High Risk,442174248.45
C009,2044,Low Risk,130884249.16
C009,2044,Medium Risk,260599283.78
C009,2044,High Risk,456569809.62
C009,2045,Low Risk,131177821.19
C009,2045,Medium Risk,266410870.72
C009,2045,High Risk,470633177.59
C009,2046,Low Risk,131444411.95
C009,2046,Medium Risk,272073294.2
C009,2046,High Risk,484364338.76
C009,2047,Low Risk,131684017.24
C009,2047,Medium Risk,277586545.36
C009,2047,High Risk,497763277.24
C009,2048,Low Risk,131896641.18
C009,2048,Medium Risk,282950632.54
C009,2048,High Risk,510830007.77
C009,2049,Low Risk,132082283.76
C009,2049,Medium Risk,288165555.75
C009,2049,High Risk,523564530.36
C009,2050,Low Risk,132240949.33
C009,2050,Medium Risk,293231324.62
C009,2050,High Risk,535966862.61
C011,2025,Low Risk,1101291789.47
C011,2025,Medium Risk,1058890105.26
C011,2025,High Risk,1140914526.32
C011,2026,Low Risk,1105628734.74
C011,2026,Medium Risk,1151913852.63
C011,2026,High Risk,1323999033.16
C011,2027,Low Risk,1109765283.16
C011,2027,Medium Risk,1243359748.42
C011,2027,High Risk,1504091812.11
C011,2028,Low Risk,1113701434.74
C011,2028,Medium Risk,1333227792.63
C011,2028,High Risk,1681192863.16
C011,2029,Low Risk,1117437189.47
C011,2029,Medium Risk,1421517985.26
C011,2029,High Risk,1855302186.32
C011,2030,Low Risk,1120972547.37
C011,2030,Medium Risk,1508230326.32
C011,2030,High Risk,2026419781.58
C011,2031,Low Risk,1124307508.42
C011,2031,Medium Risk,1593364815.79
C011,2031,High Risk,2194545648.95
C011,2032,Low Risk,1127442072.63
C011,2032,Medium Risk,1676921453.68
C011,2032,High Risk,2359679788.42
C011,2033,Low Risk,1130376240.0
C011,2033,Medium Risk,1758900240.0
C011,2033,High Risk,2521822200.0
C011,2034,Low Risk,1133110010.53
C011,2034,Medium Risk,1839301174.74
C011,2034,High Risk,2680972883.68
C011,2035,Low Risk,1135643384.21
C011,2035,Medium Risk,1918124257.89
C011,2035,High Risk,2837131839.47
C011,2036,Low Risk,1137976361.05
C011,2036,Medium Risk,1995369489.47
C011,2036,High Risk,2990299067.37
C011,2037,Low Risk,1140108941.05
C011,2037,Medium Risk,2071036869.47
C011,2037,High Risk,3140474567.37
C011,2038,Low Risk,1142041124.21
C011,2038,Medium Risk,2145126397.89
C011,2038,High Risk,3287658339.47
C011,2039,Low Risk,1143772910.53
C011,2039,Medium Risk,2217638074.74
C011,2039,High Risk,3431850383.68
C011,2040,Low Risk,1145304300.0
C011,2040,Medium Risk,2288571900.0
C011,2040,High Risk,3573050700.0
C011,2041,Low Risk,1146635292.63
C011,2041,Medium Risk,2357927873.68
C011,2041,High Risk,3711259288.42
C011,2042,Low Risk,1147765888.42
C011,2042,Medium Risk,2425705995.79
C011,2042,High Risk,3846476148.95
C011,2043,Low Risk,1148696087.37
C011,2043,Medium Risk,2491906266.32
C011,2043,High Risk,3978701281.58
C011,2044,Low Risk,1149425889.47
C011,2044,Medium Risk,2556528685.26
C011,2044,High Risk,4107934686.32
C011,2045,Low Risk,1149955294.74
C011,2045,Medium Risk,2619573252.63
C011,2045,High Risk,4234176363.16
C011,2046,Low Risk,1150284303.16
C011,2046,Medium Risk,2681039968.42
C011,2046,High Risk,4357426312.11
C011,2047,Low Risk,1150412914.74
C011,2047,Medium Risk,2740928832.63
C011,2047,High Risk,4477684533.16
C011,2048,Low Risk,1150341129.47
C011,2048,Medium Risk,2799239845.26
C011,2048,High Risk,4594951026.32
C011,2049,Low Risk,1150068947.37
C011,2049,Medium Risk,2855973006.32
C011,2049,High Risk,4709225791.58
C011,2050,Low Risk,1149596368.42
C011,2050,Medium Risk,2911128315.79
C011,2050,High Risk,4820508828.95
C015,2025,Low Risk,490357160.53
C015,2025,Medium Risk,514850802.63
C015,2025,High Risk,508110986.84
C015,2026,Low Risk,496047699.0
C015,2026,Medium Risk,542039276.16
C015,2026,High Risk,598085013.18
C015,2027,Low Risk,501530215.49
C015,2027,Medium Risk,568589067.03
C015,2027,High Risk,686177805.83
C015,2028,Low Risk,506804669.41
C015,2028,Medium Risk,594500127.65
C015,2028,High Risk,772389302.94
C015,2029,Low Risk,511871141.08
C015,2029,Medium Risk,619772550.67
C015,2029,High Risk,856719620.74
C015,2030,Low Risk,516729590.77
C015,2030,Medium Risk,644406291.03
C015,2030,High Risk,939168704.84
C015,2031,Low Risk,521380018.46
C015,2031,Medium Risk,668401348.73
C015,2031,High Risk,1019736555.25
C015,2032,Low Risk,525822424.16
C015,2032,Medium Risk,691757723.77
C015,2032,High Risk,1098423171.95
C015,2033,Low Risk,530056763.17
C015,2033,Medium Risk,714475355.91
C015,2033,High Risk,1175228455.87
C015,2034,Low Risk,534083124.06
C015,2034,Medium Risk,736554363.09
C015,2034,High Risk,1250152597.73
C015,2035,Low Risk,537901462.96
C015,2035,Medium Risk,757994687.62
C015,2035,High Risk,1323195505.89
C015,2036,Low Risk,541511779.87
C015,2036,Medium Risk,778796329.49
C015,2036,High Risk,1394357180.36
C015,2037,Low Risk,544914074.79
C015,2037,Medium Risk,798959288.69
C015,2037,High Risk,1463637621.13
C015,2038,Low Risk,548108298.9
C015,2038,Medium Risk,818483492.35
C015,2038,High Risk,1531036691.85
C015,2039,Low Risk,551094549.0
C015,2039,Medium Risk,837369083.7
C015,2039,High Risk,1596554657.78
C015,2040,Low Risk,553872777.12
C015,2040,Medium Risk,855615992.4
C015,2040,High Risk,1660191390.0
C015,2041,Low Risk,556442983.24
C015,2041,Medium Risk,873224218.43
C015,2041,High Risk,1721946888.53
C015,2042,Low Risk,558805167.37
C015,2042,Medium Risk,890193761.81
C015,2042,High Risk,1781821153.36
C015,2043,Low Risk,560959276.58
C015,2043,Medium Risk,906524536.98
C015,2043,High Risk,1839814010.89
C015,2044,Low Risk,562905415.9
C015,2044,Medium Risk,922216712.51
C015,2044,High Risk,1895925800.87
C015,2045,Low Risk,564643533.23
C015,2045,Medium Risk,937270205.37
C015,2045,High Risk,1950156357.16
C015,2046,Low Risk,566173628.57
C015,2046,Medium Risk,951685015.57
C015,2046,High Risk,2002505679.75
C015,2047,Low Risk,567495701.92
C015,2047,Medium Risk,965461143.11
C015,2047,High Risk,2052973768.64
C015,2048,Low Risk,568609696.22
C015,2048,Medium Risk,978598489.81
C015,2048,High Risk,2101560412.97
C015,2049,Low Risk,569515724.76
C015,2049,Medium Risk,991097249.5
C015,2049,High Risk,2148266027.02
C015,2050,Low Risk,570213731.31
C015,2050,Medium Risk,1002957326.53
C015,2050,High Risk,2193090407.37
C018,2025,Low Risk,1240673115.79
C018,2025,Medium Risk,1238361978.95
C018,2025,High Risk,1302609410.53
C018,2026,Low Risk,1252276146.96
C018,2026,Medium Risk,1337462377.67
C018,2026,High Risk,1523523181.04
C018,2027,Low Risk,1263873893.6
C018,2027,Medium Risk,1436518567.44
C018,2027,High Risk,1744338545.58
C018,2028,Low Risk,1275466232.02
C018,2028,Medium Risk,1535530399.37
C018,2028,High Risk,1965055313.61
C018,2029,Low Risk,1287053408.42
C018,2029,Medium Risk,1634498161.61
C018,2029,High Risk,2185673844.75
C018,2030,Low Risk,1298635300.29
C018,2030,Medium Risk,1733421714.91
C018,2030,High Risk,2406193969.92
C018,2031,Low Risk,1310211907.61
C018,2031,Medium Risk,1832301059.26
C018,2031,High Risk,2626615689.12
C018,2032,Low Risk,1321783230.4
C018,2032,Medium Risk,1931136194.66
C018,2032,High Risk,2846939002.34
C018,2033,Low Risk,1333349139.21
C018,2033,Medium Risk,2029926924.07
C018,2033,High Risk,3067163611.84
C018,2034,Low Risk,1344909891.77
C018,2034,Medium Risk,2128673631.95
C018,2034,High Risk,3287290091.67
C018,2035,Low Risk,1356465359.78
C018,2035,Medium Risk,2227376130.88
C018,2035,High Risk,3507318165.52
C018,2036,Low Risk,1368015543.26
C018,2036,Medium Risk,2326034420.86
C018,2036,High Risk,3727247833.4
C018,2037,Low Risk,1379560442.2
C018,2037,Medium Risk,2424648501.89
C018,2037,High Risk,3947079095.29
C018,2038,Low Risk,1391099921.41
C018,2038,Medium Risk,2523218128.77
C018,2038,High Risk,4166811546.28
C018,2039,Low Risk,1402634250.11
C018,2039,Medium Risk,2621743782.28
C018,2039,High Risk,4386445974.79
C018,2040,Low Risk,1414163294.28
C018,2040,Medium Risk,2720225226.84
C018,2040,High Risk,4605981997.32
C018,2041,Low Risk,1425687053.91
C018,2041,Medium Risk,2818662462.45
C018,2041,High Risk,4825419613.87
C018,2042,Low Risk,1437205529.0
C018,2042,Medium Risk,2917055489.12
C018,2042,High Risk,5044758824.45
C018,2043,Low Risk,1448718578.6
C018,2043,Medium Risk,3015404013.47
C018,2043,High Risk,5263999116.92
C018,2044,Low Risk,1460226483.46
C018,2044,Medium Risk,3113708612.61
C018,2044,High Risk,5483141494.11
C018,2045,Low Risk,1471729103.78
C018,2045,Medium Risk,3211969002.8
C018,2045,High Risk,5702185465.32
C018,2046,Low Risk,1483226439.56
C018,2046,Medium Risk,3310185184.05
C018,2046,High Risk,5921131030.55
C018,2047,Low Risk,1494718490.8
C018,2047,Medium Risk,3408357156.35
C018,2047,High Risk,6139978189.81
C018,2048,Low Risk,1506205110.79
C018,2048,Medium Risk,3506484578.17
C018,2048,High Risk,6358726323.76
C018,2049,Low Risk,1517686591.8
C018,2049,Medium Risk,3604568122.94
C018,2049,High Risk,6577376649.63
C018,2050,Low Risk,1529162788.27
C018,2050,Medium Risk,3702607458.77
C018,2050,High Risk,6795928569.52
C019,2025,Low Risk,1055596989.47
C019,2025,Medium Risk,1019042494.74
C019,2025,High Risk,1087915673.68
C019,2026,Low Risk,1076550232.82
C019,2026,Medium Risk,1111694265.63
C019,2026,High Risk,1301229293.95
C019,2027,Low Risk,1097000955.18
C019,2027,Medium Risk,1202638885.53
C019,2027,High Risk,1510790083.28
C019,2028,Low Risk,1116949072.3
C019,2028,Medium Risk,1291876264.72
C019,2028,High Risk,1716597932.65
C019,2029,Low Risk,1136394670.72
C019,2029,Medium Risk,1379406500.72
C019,2029,High Risk,1918652968.25
C019,2030,Low Risk,1155337661.62
C019,2030,Medium Risk,1465229488.21
C019,2030,High Risk,2116955046.72
C019,2031,Low Risk,1173778088.82
C019,2031,Medium Risk,1549345277.89
C019,2031,High Risk,2311504235.45
C019,2032,Low Risk,1191716000.78
C019,2032,Medium Risk,1631753936.1
C019,2032,High Risk,2502300636.16
C019,2033,Low Risk,1209151301.76
C019,2033,Medium Risk,1712455334.08
C019,2033,High Risk,2689344053.99
C019,2034,Low Risk,1226084089.79
C019,2034,Medium Risk,1791449608.39
C019,2034,High Risk,2872634700.97
C019,2035,Low Risk,1242514264.54
C019,2035,Medium Risk,1868736614.67
C019,2035,High Risk,3052172347.91
C019,2036,Low Risk,1258441875.6
C019,2036,Medium Risk,1944316423.14
C019,2036,High Risk,3227957105.1
C019,2037,Low Risk,1273866977.16
C019,2037,Medium Risk,2018189119.66
C019,2037,High Risk,3399989117.19
C019,2038,Low Risk,1288789462.0
C019,2038,Medium Risk,2090354536.43
C019,2038,High Risk,3568268103.48
C019,2039,Low Risk,1303209439.63
C019,2039,Medium Risk,2160812849.06
C019,2039,High Risk,3732794361.84
C019,2040,Low Risk,1317126798.24
C019,2040,Medium Risk,2229563874.12
C019,2040,High Risk,3893567577.24
C019,2041,Low Risk,1330541593.16
C019,2041,Medium Risk,2296607701.38
C019,2041,High Risk,4050587902.89
C019,2042,Low Risk,1343453884.33
C019,2042,Medium Risk,2361944436.21
C019,2042,High Risk,4203855526.37
C019,2043,Low Risk,1355863553.02
C019,2043,Medium Risk,2425573871.77
C019,2043,High Risk,4353370081.12
C019,2044,Low Risk,1367770720.26
C019,2044,Medium Risk,2487496222.71
C019,2044,High Risk,4499131950.86
C019,2045,Low Risk,1379175262.72
C019,2045,Medium Risk,2547711266.56
C019,2045,High Risk,4641140734.72
C019,2046,Low Risk,1390077241.49
C019,2046,Medium Risk,2606219112.61
C019,2046,High Risk,4779396628.84
C019,2047,Low Risk,1400476722.27
C019,2047,Medium Risk,2663019885.75
C019,2047,High Risk,4913899863.69
C019,2048,Low Risk,1410373574.81
C019,2048,Medium Risk,2718113340.1
C019,2048,High Risk,5044649986.91
C019,2049,Low Risk,1419767931.66
C019,2049,Medium Risk,2771499729.35
C019,2049,High Risk,5171647468.03
C019,2050,Low Risk,1428659657.98
C019,2050,Medium Risk,2823178791.99
C019,2050,High Risk,5294891820.35
C024,2025,Low Risk,668020447.37
C024,2025,Medium Risk,703224131.58
C024,2025,High Risk,658059026.32
C024,2026,Low Risk,678940180.22
C024,2026,Medium Risk,745500769.61
C024,2026,High Risk,799347787.64
C024,2027,Low Risk,689813550.79
C024,2027,Medium Risk,787611582.77
C024,2027,High Risk,940094645.52
C024,2028,Low Risk,700640624.14
C024,2028,Medium Risk,829556643.92
C024,2028,High Risk,1080299682.64
C024,2029,Low Risk,711421334.06
C024,2029,Medium Risk,871335876.05
C024,2029,High Risk,1219962802.77
C024,2030,Low Risk,722155747.92
C024,2030,Medium Risk,912949360.32
C024,2030,High Risk,1359084115.68
C024,2031,Low Risk,732843832.32
C024,2031,Medium Risk,954397057.18
C024,2031,High Risk,1497663569.86
C024,2032,Low Risk,743485551.55
C024,2032,Medium Risk,995678918.82
C024,2032,High Risk,1635701086.76
C024,2033,Low Risk,754080976.46
C024,2033,Medium Risk,1036795038.8
C024,2033,High Risk,1773196816.74
C024,2034,Low Risk,764630035.04
C024,2034,Medium Risk,1077745319.41
C024,2034,High Risk,1910150595.89
C024,2035,Low Risk,775132800.45
C024,2035,Medium Risk,1118529862.51
C024,2035,High Risk,2046562601.65
C024,2036,Low Risk,785589236.4
C024,2036,Medium Risk,1159148618.21
C024,2036,High Risk,2182432748.7
C024,2037,Low Risk,795999304.3
C024,2037,Medium Risk,1199601528.32
C024,2037,High Risk,2317760924.61
C024,2038,Low Risk,806363080.76
C024,2038,Medium Risk,1239888707.14
C024,2038,High Risk,2452547347.45
C024,2039,Low Risk,816680488.0
C024,2039,Medium Risk,1280010036.23
C024,2039,High Risk,2586791785.62
C024,2040,Low Risk,826951604.96
C024,2040,Medium Risk,1319965638.16
C024,2040,High Risk,2720494484.24
C024,2041,Low Risk,837176392.47
C024,2041,Medium Risk,1359755452.69
C024,2041,High Risk,2853655324.14
C024,2042,Low Risk,847354809.02
C024,2042,Medium Risk,1399379411.28
C024,2042,High Risk,2986274159.08
C024,2043,Low Risk,857486937.03
C024,2043,Medium Risk,1438837648.93
C024,2043,High Risk,3118351274.77
C024,2044,Low Risk,867572692.93
C024,2044,Medium Risk,1478130026.49
C024,2044,High Risk,3249886371.95
C024,2045,Low Risk,877612161.45
C024,2045,Medium Risk,1517256687.26
C024,2045,High Risk,3380879763.44
C024,2046,Low Risk,887605300.51
C024,2046,Medium Risk,1556217560.62
C024,2046,High Risk,3511331296.2
C024,2047,Low Risk,897552065.72
C024,2047,Medium Risk,1595012567.69
C024,2047,High Risk,3641240790.15
C024,2048,Low Risk,907452545.29
C024,2048,Medium Risk,1633641864.17
C024,2048,High Risk,3770608598.7
C024,2049,Low Risk,917306649.84
C024,2049,Medium Risk,1672105290.21
C024,2049,High Risk,3899434354.9
C024,2050,Low Risk,927114469.92
C024,2050,Medium Risk,1710403009.81
C024,2050,High Risk,4027718439.24
C029,2025,Low Risk,1133180757.89
C029,2025,Medium Risk,1156145515.79
C029,2025,High Risk,1238592378.95
C029,2026,Low Risk,1140146047.66
C029,2026,Medium Risk,1241090966.15
C029,2026,High Risk,1421719552.91
C029,2027,Low Risk,1146497389.93
C029,2027,Medium Risk,1323270015.27
C029,2027,High Risk,1599350299.46
C029,2028,Low Risk,1152234757.6
C029,2028,Medium Risk,1402682630.18
C029,2028,High Risk,1771484576.93
C029,2029,Low Risk,1157358204.37
C029,2029,Medium Risk,1479328874.55
C029,2029,High Risk,1938122464.08
C029,2030,Low Risk,1161867703.65
C029,2030,Medium Risk,1553208717.69
C029,2030,High Risk,2099263923.82
C029,2031,Low Risk,1165763255.43
C029,2031,Medium Risk,1624322159.61
C029,2031,High Risk,2254908956.15
C029,2032,Low Risk,1169044859.71
C029,2032,Medium Risk,1692669200.29
C029,2032,High Risk,2405057561.07
C029,2033,Low Risk,1171712486.85
C029,2033,Medium Risk,1758249795.25
C029,2033,High Risk,2549709674.04
C029,2034,Low Risk,1173766195.64
C029,2034,Medium Risk,1821064031.17
C029,2034,High Risk,2688865419.56
C029,2035,Low Risk,1175205956.93
C029,2035,Medium Risk,1881111865.87
C029,2035,High Risk,2822524737.67
C029,2036,Low Risk,1176031770.73
C029,2036,Medium Risk,1938393299.34
C029,2036,High Risk,2950687628.36
C029,2037,Low Risk,1176243637.04
C029,2037,Medium Risk,1992908331.58
C029,2037,High Risk,3073354091.64
C029,2038,Low Risk,1175841523.64
C029,2038,Medium Risk,2044656906.58
C029,2038,High Risk,3190524040.12
C029,2039,Low Risk,1174825494.45
C029,2039,Medium Risk,2093639134.07
C029,2039,High Risk,3302197644.01
C029,2040,Low Risk,1173195517.76
C029,2040,Medium Risk,2139854960.32
C029,2040,High Risk,3408374820.48
C029,2041,Low Risk,1170951593.58
C029,2041,Medium Risk,2183304385.35
C029,2041,High Risk,3509055569.54
C029,2042,Low Risk,1168093721.9
C029,2042,Medium Risk,2223987409.14
C029,2042,High Risk,3604239891.19
C029,2043,Low Risk,1164621867.97
C029,2043,Medium Risk,2261903964.2
C029,2043,High Risk,3693927675.17
C029,2044,Low Risk,1160536100.79
C029,2044,Medium Risk,2297054183.23
C029,2044,High Risk,3778119137.42
C029,2045,Low Risk,1155836386.12
C029,2045,Medium Risk,2329438001.04
C029,2045,High Risk,3856814172.26
C029,2046,Low Risk,1150522723.96
C029,2046,Medium Risk,2359055417.63
C029,2046,High Risk,3930012779.69
C029,2047,Low Risk,1144595114.3
C029,2047,Medium Risk,2385906432.98
C029,2047,High Risk,3997714959.7
C029,2048,Low Risk,1138053519.83
C029,2048,Medium Risk,2409990968.08
C029,2048,High Risk,4059920579.19
C029,2049,Low Risk,1130898014.67
C029,2049,Medium Risk,2431309178.68
C029,2049,High Risk,4116629899.8
C029,2050,Low Risk,1123128562.02
C029,2050,Medium Risk,2449860988.04
C029,2050,High Risk,4167842793.01
C031,2025,Low Risk,437778071.05
C031,2025,Medium Risk,459645355.26
C031,2025,High Risk,453628223.68
C031,2026,Low Risk,438675984.42
C031,2026,Medium Risk,479348283.53
C031,2026,High Risk,528911901.93
C031,2027,Low Risk,439211155.17
C031,2027,Medium Risk,497937418.8
C031,2027,High Risk,600914835.12
C031,2028,Low Risk,439383545.18
C031,2028,Medium Risk,515412721.04
C031,2028,High Risk,669636983.78
C031,2029,Low Risk,439193154.46
C031,2029,Medium Risk,531774190.28
C031,2029,High Risk,735078347.89
C031,2030,Low Risk,438639940.79
C031,2030,Medium Risk,547021773.85
C031,2030,High Risk,797238850.74
C031,2031,Low Risk,437723944.74
C031,2031,Medium Risk,561155519.35
C031,2031,High Risk,856118554.14
C031,2032,Low Risk,436445210.18
C031,2032,Medium Risk,574175484.49
C031,2032,High Risk,911717549.74
C031,2033,Low Risk,434803694.9
C031,2033,Medium Risk,586081616.62
C031,2033,High Risk,964035760.81
C031,2034,Low Risk,432799398.88
C031,2034,Medium Risk,596873915.73
C031,2034,High Risk,1013073187.34
C031,2035,Low Risk,430432275.79
C031,2035,Medium Risk,606552316.53
C031,2035,High Risk,1058829715.34
C031,2036,Low Risk,427702370.32
C031,2036,Medium Risk,615116879.26
C031,2036,High Risk,1101305443.9
C031,2037,Low Risk,424609730.46
C031,2037,Medium Risk,622567674.28
C031,2037,High Risk,1140500501.92
C031,2038,Low Risk,421154309.87
C031,2038,Medium Risk,628904636.28
C031,2038,High Risk,1176414775.4
C031,2039,Low Risk,417336108.55
C031,2039,Medium Risk,634127765.27
C031,2039,High Risk,1209048264.34
C031,2040,Low Risk,413155076.04
C031,2040,Medium Risk,638236983.3
C031,2040,High Risk,1238400817.5
C031,2041,Low Risk,408611261.15
C031,2041,Medium Risk,641232363.26
C031,2041,High Risk,1264472571.22
C031,2042,Low Risk,403704715.99
C031,2042,Medium Risk,643113988.15
C031,2042,High Risk,1287263691.65
C031,2043,Low Risk,398435390.1
C031,2043,Medium Risk,643881780.03
C031,2043,High Risk,1306774027.54
C031,2044,Low Risk,392803283.48
C031,2044,Medium Risk,643535738.9
C031,2044,High Risk,1323003578.9
C031,2045,Low Risk,386808341.55
C031,2045,Medium Risk,642075774.16
C031,2045,High Risk,1335952157.21
C031,2046,Low Risk,380450617.24
C031,2046,Medium Risk,639501971.34
C031,2046,High Risk,1345619936.08
C031,2047,Low Risk,373730166.78
C031,2047,Medium Risk,635814426.11
C031,2047,High Risk,1352007118.93
C031,2048,Low Risk,366646935.59
C031,2048,Medium Risk,631013047.87
C031,2048,High Risk,1355113517.23
C031,2049,Low Risk,359200923.67
C031,2049,Medium Risk,625097836.62
C031,2049,High Risk,1354939131.0
C031,2050,Low Risk,351392072.32
C031,2050,Medium Risk,618068689.11
C031,2050,High Risk,1351483734.47
C032,2025,Low Risk,166914536.84
C032,2025,Medium Risk,160488031.58
C032,2025,High Risk,172919857.89
C032,2026,Low Risk,168404843.41
C032,2026,Medium Risk,175454803.12
C032,2026,High Risk,201666113.45
C032,2027,Low Risk,169884147.04
C032,2027,Medium Risk,190334941.57
C032,2027,High Risk,230248106.02
C032,2028,Low Risk,171352418.05
C032,2028,Medium Risk,205128411.4
C032,2028,High Risk,258665790.78
C032,2029,Low Risk,172809715.48
C032,2029,Medium Risk,219835281.03
C032,2029,High Risk,286919252.34
C032,2030,Low Risk,174256009.97
C032,2030,Medium Risk,234455517.57
C032,2030,High Risk,315008450.91
C032,2031,Low Risk,175691301.53
C032,2031,Medium Risk,248989121.04
C032,2031,High Risk,342933386.5
C032,2032,Low Risk,177115590.16
C032,2032,Medium Risk,263436091.42
C032,2032,High Risk,370694059.11
C032,2033,Low Risk,178528844.47
C032,2033,Medium Risk,277796379.89
C032,2033,High Risk,398290398.72
C032,2034,Low Risk,179931126.89
C032,2034,Medium Risk,292070081.45
C032,2034,High Risk,425722540.31
C032,2035,Low Risk,181322406.38
C032,2035,Medium Risk,306257149.93
C032,2035,High Risk,452990418.92
C032,2036,Low Risk,182702682.94
C032,2036,Medium Risk,320357585.32
C032,2036,High Risk,480094034.55
C032,2037,Low Risk,184071956.56
C032,2037,Medium Risk,334371387.63
C032,2037,High Risk,507033387.18
C032,2038,Low Risk,185430194.18
C032,2038,Medium Risk,348298494.75
C032,2038,High Risk,533808381.65
C032,2039,Low Risk,186777461.6
C032,2039,Medium Risk,362139028.24
C032,2039,High Risk,560419203.28
C032,2040,Low Risk,188113726.08
C032,2040,Medium Risk,375892928.64
C032,2040,High Risk,586865761.92
C032,2041,Low Risk,189438987.63
C032,2041,Medium Risk,389560195.96
C032,2041,High Risk,613148057.58
C032,2042,Low Risk,190753246.24
C032,2042,Medium Risk,403140830.2
C032,2042,High Risk,639266090.25
C032,2043,Low Risk,192056467.17
C032,2043,Medium Risk,416634755.96
C032,2043,High Risk,665219739.57
C032,2044,Low Risk,193348719.58
C032,2044,Medium Risk,430042121.38
C032,2044,High Risk,691009241.23
C032,2045,Low Risk,194629969.06
C032,2045,Medium Risk,443362853.71
C032,2045,High Risk,716634479.91
C032,2046,Low Risk,195900215.6
C032,2046,Medium Risk,456596952.96
C032,2046,High Risk,742095455.6
C032,2047,Low Risk,197159459.21
C032,2047,Medium Risk,469744419.12
C032,2047,High Risk,767392168.31
C032,2048,Low Risk,198407663.45
C032,2048,Medium Risk,482805163.53
C032,2048,High Risk,792524472.47
C032,2049,Low Risk,199644900.86
C032,2049,Medium Risk,495779360.88
C032,2049,High Risk,817492654.17
C032,2050,Low Risk,200871135.33
C032,2050,Medium Risk,508666925.14
C032,2050,High Risk,842296572.88
C034,2025,Low Risk,3517806431.58
C034,2025,Medium Risk,3569801710.53
C034,2025,High Risk,1471492176.47
C034,2026,Low Risk,3598585681.16
C034,2026,Medium Risk,3817815932.65
C034,2026,High Risk,2505527376.33
C034,2027,Low Risk,3679013414.61
C034,2027,Medium Risk,4064808731.14
C034,2027,High Risk,3535411255.67
C034,2028,Low Risk,3759089631.94
C034,2028,Medium Risk,4310780105.98
C034,2028,High Risk,4561143814.49
C034,2029,Low Risk,3838814333.14
C034,2029,Medium Risk,4555730057.18
C034,2029,High Risk,5582725052.8
C034,2030,Low Risk,3918187518.21
C034,2030,Medium Risk,4799658584.74
C034,2030,High Risk,6600154970.59
C034,2031,Low Risk,3997209187.16
C034,2031,Medium Risk,5042565688.65
C034,2031,High Risk,7613433567.86
C034,2032,Low Risk,4075879339.98
C034,2032,Medium Risk,5284451368.93
C034,2032,High Risk,8622560844.61
C034,2033,Low Risk,4154197976.67
C034,2033,Medium Risk,5525315625.56
C034,2033,High Risk,9627536800.85
C034,2034,Low Risk,4232165097.24
C034,2034,Medium Risk,5765158458.55
C034,2034,High Risk,10628361436.56
C034,2035,Low Risk,4309780701.68
C034,2035,Medium Risk,6003979867.89
C034,2035,High Risk,11625034751.76
C034,2036,Low Risk,4387044790.0
C034,2036,Medium Risk,6241779853.6
C034,2036,High Risk,12617556746.45
C034,2037,Low Risk,4463957362.19
C034,2037,Medium Risk,6478558415.66
C034,2037,High Risk,13605927420.61
C034,2038,Low Risk,4540518418.25
C034,2038,Medium Risk,6714315554.08
C034,2038,High Risk,14590146774.26
C034,2039,Low Risk,4616727958.19
C034,2039,Medium Risk,6949051268.86
C034,2039,High Risk,15570214807.39
C034,2040,Low Risk,4692585982.0
C034,2040,Medium Risk,7182765560.0
C034,2040,High Risk,16546131520.0
C034,2041,Low Risk,4768092489.68
C034,2041,Medium Risk,7415458427.49
C034,2041,High Risk,17517896912.09
C034,2042,Low Risk,4843247481.24
C034,2042,Medium Risk,7647129871.35
C034,2042,High Risk,18485510983.67
C034,2043,Low Risk,4918050956.67
C034,2043,Medium Risk,7877779891.56
C034,2043,High Risk,19448973734.73
C034,2044,Low Risk,4992502915.98
C034,2044,Medium Risk,8107408488.13
C034,2044,High Risk,20408285165.27
C034,2045,Low Risk,5066603359.16
C034,2045,Medium Risk,8336015661.05
C034,2045,High Risk,21363445275.29
C034,2046,Low Risk,5140352286.21
C034,2046,Medium Risk,8563601410.34
C034,2046,High Risk,22314454064.8
C034,2047,Low Risk,5213749697.14
C034,2047,Medium Risk,8790165735.98
C034,2047,High Risk,23261311533.79
C034,2048,Low Risk,5286795591.94
C034,2048,Medium Risk,9015708637.98
C034,2048,High Risk,24204017682.26
C034,2049,Low Risk,5359489970.61
C034,2049,Medium Risk,9240230116.34
C034,2049,High Risk,25142572510.21
C034,2050,Low Risk,5431832833.16
C034,2050,Medium Risk,9463730171.05
C034,2050,High Risk,26076976017.65
C037,2025,Low Risk,1050333681.58
C037,2025,Medium Risk,1004217244.74
C037,2025,High Risk,1090854300.0
C037,2026,Low Risk,1055168918.8
C037,2026,Medium Risk,1097997701.25
C037,2026,High Risk,1287539675.1
C037,2027,Low Risk,1059982401.35
C037,2027,Medium Risk,1191462185.02
C037,2027,High Risk,1483567916.74
C037,2028,Low Risk,1064774070.4
C037,2028,Medium Risk,1284610625.05
C037,2028,High Risk,1678938932.16
C037,2029,Low Risk,1069544043.25
C037,2029,Medium Risk,1377443158.05
C037,2029,High Risk,1873652895.95
C037,2030,Low Risk,1074292261.43
C037,2030,Medium Risk,1469959718.3
C037,2030,High Risk,2067709726.28
C037,2031,Low Risk,1079018724.93
C037,2031,Medium Risk,1562160305.8
C037,2031,High Risk,2261109423.15
C037,2032,Low Risk,1083723433.77
C037,2032,Medium Risk,1654044920.54
C037,2032,High Risk,2453851986.56
C037,2033,Low Risk,1088406327.29
C037,2033,Medium Risk,1745613465.28
C037,2033,High Risk,2645937269.1
C037,2034,Low Risk,1093067526.42
C037,2034,Medium Risk,1836866129.26
C037,2034,High Risk,2837365554.66
C037,2035,Low Risk,1097706970.88
C037,2035,Medium Risk,1927802820.48
C037,2035,High Risk,3028136706.76
C037,2036,Low Risk,1102324660.67
C037,2036,Medium Risk,2018423538.96
C037,2036,High Risk,3218250725.4
C037,2037,Low Risk,1106920595.79
C037,2037,Medium Risk,2108728284.68
C037,2037,High Risk,3407707610.58
C037,2038,Low Risk,1111494713.79
C037,2038,Medium Risk,2198716934.12
C037,2038,High Risk,3596507160.24
C037,2039,Low Risk,1116047139.2
C037,2039,Medium Risk,2288389729.07
C037,2039,High Risk,3784649767.57
C037,2040,Low Risk,1120577809.94
C037,2040,Medium Risk,2377746551.28
C037,2040,High Risk,3972135241.44
C037,2041,Low Risk,1125086726.01
C037,2041,Medium Risk,2466787400.73
C037,2041,High Risk,4158963581.85
C037,2042,Low Risk,1129573887.41
C037,2042,Medium Risk,2555512277.43
C037,2042,High Risk,4345134788.8
C037,2043,Low Risk,1134039229.88
C037,2043,Medium Risk,2643921031.57
C037,2043,High Risk,4530648605.58
C037,2044,Low Risk,1138482881.58
C037,2044,Medium Risk,2732013957.51
C037,2044,High Risk,4715505534.68
C037,2045,Low Risk,1142904778.6
C037,2045,Medium Risk,2819790910.69
C037,2045,High Risk,4899705330.32
C037,2046,Low Risk,1147304920.96
C037,2046,Medium Risk,2907251891.12
C037,2046,High Risk,5083247992.5
C037,2047,Low Risk,1151683308.64
C037,2047,Medium Risk,2994396898.8
C037,2047,High Risk,5266133521.22
C037,2048,Low Risk,1156039875.59
C037,2048,Medium Risk,3081225757.64
C037,2048,High Risk,5448361605.12
C037,2049,Low Risk,1160374753.57
C037,2049,Medium Risk,3167738814.56
C037,2049,High Risk,5629932855.99
C037,2050,Low Risk,1164687876.87
C037,2050,Medium Risk,3253935898.72
C037,2050,High Risk,5810846973.4
C039,2025,Low Risk,52747957.89
C039,2025,Medium Risk,53475726.32
C039,2025,High Risk,55410631.58
C039,2026,Low Risk,53514947.37
C039,2026,Medium Risk,57715957.89
C039,2026,High Risk,64854189.47
C039,2027,Low Risk,54281936.84
C039,2027,Medium Risk,61956189.47
C039,2027,High Risk,74297747.37
C039,2028,Low Risk,55048926.32
C039,2028,Medium Risk,66196421.05
C039,2028,High Risk,83741305.26
C039,2029,Low Risk,55815915.79
C039,2029,Medium Risk,70436652.63
C039,2029,High Risk,93184863.16
C039,2030,Low Risk,56582905.26
C039,2030,Medium Risk,74676884.21
C039,2030,High Risk,102628421.05
C039,2031,Low Risk,57349894.74
C039,2031,Medium Risk,78917115.79
C039,2031,High Risk,112071978.95
C039,2032,Low Risk,58116884.21
C039,2032,Medium Risk,83157347.37
C039,2032,High Risk,121515536.84
C039,2033,Low Risk,58883873.68
C039,2033,Medium Risk,87397578.95
C039,2033,High Risk,130959094.74
C039,2034,Low Risk,59650863.16
C039,2034,Medium Risk,91637810.53
C039,2034,High Risk,140402652.63
C039,2035,Low Risk,60417852.63
C039,2035,Medium Risk,95878042.11
C039,2035,High Risk,149846210.53
C039,2036,Low Risk,61184842.11
C039,2036,Medium Risk,100118273.68
C039,2036,High Risk,159289768.42
C039,2037,Low Risk,61951831.58
C039,2037,Medium Risk,104358505.26
C039,2037,High Risk,168733326.32
C039,2038,Low Risk,62718821.05
C039,2038,Medium Risk,108598736.84
C039,2038,High Risk,178176884.21
C039,2039,Low Risk,63485810.53
C039,2039,Medium Risk,112838968.42
C039,2039,High Risk,187620442.11
C039,2040,Low Risk,64252800.0
C039,2040,Medium Risk,117079200.0
C039,2040,High Risk,197064000.0
C039,2041,Low Risk,65019789.47
C039,2041,Medium Risk,121319431.58
C039,2041,High Risk,206507557.89
C039,2042,Low Risk,65786778.95
C039,2042,Medium Risk,125559663.16
C039,2042,High Risk,215951115.79
C039,2043,Low Risk,66553768.42
C039,2043,Medium Risk,129799894.74
C039,2043,High Risk,225394673.68
C039,2044,Low Risk,67320757.89
C039,2044,Medium Risk,134040126.32
C039,2044,High Risk,234838231.58
C039,2045,Low Risk,68087747.37
C039,2045,Medium Risk,138280357.89
C039,2045,High Risk,244281789.47
C039,2046,Low Risk,68854736.84
C039,2046,Medium Risk,142520589.47
C039,2046,High Risk,253725347.37
C039,2047,Low Risk,69621726.32
C039,2047,Medium Risk,146760821.05
C039,2047,High Risk,263168905.26
C039,2048,Low Risk,70388715.79
C039,2048,Medium Risk,151001052.63
C039,2048,High Risk,272612463.16
C039,2049,Low Risk,71155705.26
C039,2049,Medium Risk,155241284.21
C039,2049,High Risk,282056021.05
C039,2050,Low Risk,71922694.74
C039,2050,Medium Risk,159481515.79
C039,2050,High Risk,291499578.95
C043,2025,Low Risk,985185710.53
C043,2025,Medium Risk,1056898500.0
C043,2025,High Risk,1061335578.95
C043,2026,Low Risk,1001154504.11
C043,2026,Medium Risk,1108222019.77
C043,2026,High Risk,1246467171.38
C043,2027,Low Risk,1015717244.6
C043,2027,Medium Risk,1156672848.41
C043,2027,High Risk,1423383607.05
C043,2028,Low Risk,1028873931.98
C043,2028,Medium Risk,1202250985.91
C043,2028,High Risk,1592084885.96
C043,2029,Low Risk,1040624566.27
C043,2029,Medium Risk,1244956432.27
C043,2029,High Risk,1752571008.1
C043,2030,Low Risk,1050969147.46
C043,2030,Medium Risk,1284789187.5
C043,2030,High Risk,1904841973.48
C043,2031,Low Risk,1059907675.55
C043,2031,Medium Risk,1321749251.59
C043,2031,High Risk,2048897782.11
C043,2032,Low Risk,1067440150.54
C043,2032,Medium Risk,1355836624.55
C043,2032,High Risk,2184738433.96
C043,2033,Low Risk,1073566572.43
C043,2033,Medium Risk,1387051306.37
C043,2033,High Risk,2312363929.06
C043,2034,Low Risk,1078286941.22
C043,2034,Medium Risk,1415393297.05
C043,2034,High Risk,2431774267.4
C043,2035,Low Risk,1081601256.92
C043,2035,Medium Risk,1440862596.6
C043,2035,High Risk,2542969448.97
C043,2036,Low Risk,1083509519.51
C043,2036,Medium Risk,1463459205.01
C043,2036,High Risk,2645949473.78
C043,2037,Low Risk,1084011729.01
C043,2037,Medium Risk,1483183122.29
C043,2037,High Risk,2740714341.83
C043,2038,Low Risk,1083107885.4
C043,2038,Medium Risk,1500034348.43
C043,2038,High Risk,2827264053.11
C043,2039,Low Risk,1080797988.7
C043,2039,Medium Risk,1514012883.43
C043,2039,High Risk,2905598607.64
C043,2040,Low Risk,1077082038.9
C043,2040,Medium Risk,1525118727.3
C043,2040,High Risk,2975718005.4
C043,2041,Low Risk,1071960036.0
C043,2041,Medium Risk,1533351880.03
C043,2041,High Risk,3037622246.4
C043,2042,Low Risk,1065431980.0
C043,2042,Medium Risk,1538712341.63
C043,2042,High Risk,3091311330.64
C043,2043,Low Risk,1057497870.9
C043,2043,Medium Risk,1541200112.09
C043,2043,High Risk,3136785258.11
C043,2044,Low Risk,1048157708.71
C043,2044,Medium Risk,1540815191.41
C043,2044,High Risk,3174044028.83
C043,2045,Low Risk,1037411493.41
C043,2045,Medium Risk,1537557579.6
C043,2045,High Risk,3203087642.78
C043,2046,Low Risk,1025259225.02
C043,2046,Medium Risk,1531427276.65
C043,2046,High Risk,3223916099.97
C043,2047,Low Risk,1011700903.52
C043,2047,Medium Risk,1522424282.57
C043,2047,High Risk,3236529400.4
C043,2048,Low Risk,996736528.93
C043,2048,Medium Risk,1510548597.35
C043,2048,High Risk,3240927544.06
C043,2049,Low Risk,980366101.24
C043,2049,Medium Risk,1495800220.99
C043,2049,High Risk,3237110530.96
C043,2050,Low Risk,962589620.45
C043,2050,Medium Risk,1478179153.5
C043,2050,High Risk,3225078361.11
C048,2025,Low Risk,26660652.63
C048,2025,Medium Risk,27028492.11
C048,2025,High Risk,28006460.53
C048,2026,Low Risk,26959447.37
C048,2026,Medium Risk,29075807.89
C048,2026,High Risk,32671864.47
C048,2027,Low Risk,27255694.74
C048,2027,Medium Risk,31109040.79
C048,2027,High Risk,37305903.95
C048,2028,Low Risk,27549394.74
C048,2028,Medium Risk,33128190.79
C048,2028,High Risk,41908578.95
C048,2029,Low Risk,27840547.37
C048,2029,Medium Risk,35133257.89
C048,2029,High Risk,46479889.47
C048,2030,Low Risk,28129152.63
C048,2030,Medium Risk,37124242.11
C048,2030,High Risk,51019835.53
C048,2031,Low Risk,28415210.53
C048,2031,Medium Risk,39101143.42
C048,2031,High Risk,55528417.11
C048,2032,Low Risk,28698721.05
C048,2032,Medium Risk,41063961.84
C048,2032,High Risk,60005634.21
C048,2033,Low Risk,28979684.21
C048,2033,Medium Risk,43012697.37
C048,2033,High Risk,64451486.84
C048,2034,Low Risk,29258100.0
C048,2034,Medium Risk,44947350.0
C048,2034,High Risk,68865975.0
C048,2035,Low Risk,29533968.42
C048,2035,Medium Risk,46867919.74
C048,2035,High Risk,73249098.68
C048,2036,Low Risk,29807289.47
C048,2036,Medium Risk,48774406.58
C048,2036,High Risk,77600857.89
C048,2037,Low Risk,30078063.16
C048,2037,Medium Risk,50666810.53
C048,2037,High Risk,81921252.63
C048,2038,Low Risk,30346289.47
C048,2038,Medium Risk,52545131.58
C048,2038,High Risk,86210282.89
C048,2039,Low Risk,30611968.42
C048,2039,Medium Risk,54409369.74
C048,2039,High Risk,90467948.68
C048,2040,Low Risk,30875100.0
C048,2040,Medium Risk,56259525.0
C048,2040,High Risk,94694250.0
C048,2041,Low Risk,31135684.21
C048,2041,Medium Risk,58095597.37
C048,2041,High Risk,98889186.84
C048,2042,Low Risk,31393721.05
C048,2042,Medium Risk,59917586.84
C048,2042,High Risk,103052759.21
C048,2043,Low Risk,31649210.53
C048,2043,Medium Risk,61725493.42
C048,2043,High Risk,107184967.11
C048,2044,Low Risk,31902152.63
C048,2044,Medium Risk,63519317.11
C048,2044,High Risk,111285810.53
C048,2045,Low Risk,32152547.37
C048,2045,Medium Risk,65299057.89
C048,2045,High Risk,115355289.47
C048,2046,Low Risk,32400394.74
C048,2046,Medium Risk,67064715.79
C048,2046,High Risk,119393403.95
C048,2047,Low Risk,32645694.74
C048,2047,Medium Risk,68816290.79
C048,2047,High Risk,123400153.95
C048,2048,Low Risk,32888447.37
C048,2048,Medium Risk,70553782.89
C048,2048,High Risk,127375539.47
C048,2049,Low Risk,33128652.63
C048,2049,Medium Risk,72277192.11
C048,2049,High Risk,131319560.53
C048,2050,Low Risk,33366310.53
C048,2050,Medium Risk,73986518.42
C048,2050,High Risk,135232217.11
C050,2025,Low Risk,817078205.26
C050,2025,Medium Risk,785619247.37
C050,2025,High Risk,846475386.84
C050,2026,Low Risk,823838172.4
C050,2026,Medium Risk,858326645.56
C050,2026,High Risk,986552636.95
C050,2027,Low Risk,830531858.46
C050,2027,Medium Risk,930511972.45
C050,2027,High Risk,1125639977.18
C050,2028,Low Risk,837159205.06
C050,2028,Medium Risk,1002175164.94
C050,2028,High Risk,1263737332.99
C050,2029,Low Risk,843720271.26
C050,2029,Medium Risk,1073316291.44
C050,2029,High Risk,1400844789.0
C050,2030,Low Risk,850214997.32
C050,2030,Medium Risk,1143935278.22
C050,2030,High Risk,1536962250.51
C050,2031,Low Risk,856643412.95
C050,2031,Medium Risk,1214032160.82
C050,2031,High Risk,1672089762.37
C050,2032,Low Risk,863005549.18
C050,2032,Medium Risk,1283606985.4
C050,2032,High Risk,1806227389.53
C050,2033,Low Risk,869301344.27
C050,2033,Medium Risk,1352659662.29
C050,2033,High Risk,1939375007.09
C050,2034,Low Risk,875530860.63
C050,2034,Medium Risk,1421190286.48
C050,2034,High Risk,2071532750.02
C050,2035,Low Risk,881694035.18
C050,2035,Medium Risk,1489198757.67
C050,2035,High Risk,2202700473.29
C050,2036,Low Risk,887790899.29
C050,2036,Medium Risk,1556685124.67
C050,2036,High Risk,2332878246.89
C050,2037,Low Risk,893821485.69
C050,2037,Medium Risk,1623649446.95
C050,2037,High Risk,2462066160.97
C050,2038,Low Risk,899785729.27
C050,2038,Medium Risk,1690091608.25
C050,2038,High Risk,2590264040.28
C050,2039,Low Risk,905683695.81
C050,2039,Medium Risk,1756011730.13
C050,2039,High Risk,2717472070.15
C050,2040,Low Risk,911515318.84
C050,2040,Medium Risk,1821409685.72
C050,2040,High Risk,2843690055.16
C050,2041,Low Risk,917280631.44
C050,2041,Medium Risk,1886285537.13
C050,2041,High Risk,2968918090.51
C050,2042,Low Risk,922979668.01
C050,2042,Medium Risk,1950639357.09
C050,2042,High Risk,3093156291.52
C050,2043,Low Risk,928612360.07
C050,2043,Medium Risk,2014471002.8
C050,2043,High Risk,3216404432.58
C050,2044,Low Risk,934178776.78
C050,2044,Medium Risk,2077780622.37
C050,2044,High Risk,3338662749.37
C050,2045,Low Risk,939678848.3
C050,2045,Medium Risk,2140568062.37
C050,2045,High Risk,3459930996.13
C050,2046,Low Risk,945112609.38
C050,2046,Medium Risk,2202833398.19
C050,2046,High Risk,3580209293.23
C050,2047,Low Risk,950480096.13
C050,2047,Medium Risk,2264576715.84
C050,2047,High Risk,3699497781.17
C050,2048,Low Risk,955781236.67
C050,2048,Medium Risk,2325797845.95
C050,2048,High Risk,3817796183.97
C050,2049,Low Risk,961016103.55
C050,2049,Medium Risk,2386496963.21
C050,2049,High Risk,3935104787.7
C050,2050,Low Risk,966184623.56
C050,2050,Medium Risk,2446673887.62
C050,2050,High Risk,4051423296.21
